,,Name,%,Price,Rating,Release,Ends,Started
,,"Machinika: Museum
Free To Keep
new historical low",-100%,"R$ 0,00",87.44%,Mar 2021,,
,,"ENDLESS‚Ñ¢ Legend
Free To Keep
new historical low",-100%,"R$ 0,00",82.27%,Sep 2014,,
,,"100% Orange Juice
Free To Keep",-100%,"R$ 0,00",90.45%,Sep 2013,,
,,"Killing Floor 2
Play For Free
new historical low",-95%,"R$ 2,79",86.60%,Nov 2016,,
,,"Wizard with a Gun
Play For Free
new historical low",-50%,"R$ 29,99",78.19%,Oct 2023,,
,,"Lil Gator Game
Daily Deal
new historical low",-50%,"R$ 29,99",94.99%,Dec 2022,,
,,"Killing Floor
Weekend Deal
new historical low",-90%,"R$ 3,49",93.37%,May 2009,,
,,"The Forgotten City
Midweek Deal
new historical low",-65%,"R$ 25,89",93.25%,Jul 2021,,
,,"Poly Bridge 2
Midweek Deal
new historical low",-80%,"R$ 5,79",92.26%,May 2020,,
,,"Poly Bridge 3
Midweek Deal
new historical low",-68%,"R$ 35,07",90.54%,May 2023,,
,,"UNSIGHTED
Midweek Deal
new historical low",-60%,"R$ 19,99",88.83%,Sep 2021,,
,,"The Wild at Heart
Midweek Deal
new historical low",-60%,"R$ 18,99",88.76%,May 2021,,
,,"Broken Reality
Daily Deal
new historical low",-85%,"R$ 4,34",88.74%,Nov 2018,,
,,"CaseCracker
Daily Deal
new historical low",-50%,"R$ 10,34",88.73%,Dec 2022,,
,,"Paper Beast
Midweek Deal
new historical low",-75%,"R$ 11,49",88.01%,Jul 2020,,
,,"Blade of Darkness
Daily Deal
new historical low",-60%,"R$ 11,59",87.95%,Oct 2021,,
,,"The House of Da Vinci 3
Daily Deal
new historical low",-50%,"R$ 29,99",86.03%,Dec 2022,,
,,"Root
Daily Deal
new historical low",-60%,"R$ 11,59",86.02%,Sep 2020,,
,,"Archvale
Midweek Deal
new historical low",-50%,"R$ 22,49",85.35%,Dec 2021,,
,,"The Dungeon Of Naheulbeuk: The Amulet Of Chaos
Midweek Deal
new historical low",-70%,"R$ 21,89",85.01%,Sep 2020,,
,,"Foretales
Midweek Deal
new historical low",-50%,"R$ 22,99",82.13%,Sep 2022,,
,,"Trombone Champ
Daily Deal",-60%,"R$ 11,59",94.86%,Sep 2022,,
,,"Alba: A Wildlife Adventure
new historical low",-75%,"R$ 13,12",94.21%,Dec 2020,,
,,"Carto
Midweek Deal",-70%,"R$ 11,39",93.55%,Oct 2020,,
,,"Unpacking
Midweek Deal",-50%,"R$ 29,99",90.91%,Nov 2021,,
,,"One Step From Eden
Midweek Deal",-60%,"R$ 15,19",90.58%,Mar 2020,,
,,"OTXO
new historical low",-50%,"R$ 14,49",89.77%,Apr 2023,,
,,"Poly Bridge
Midweek Deal",-90%,"R$ 2,06",89.25%,Jul 2016,,
,,"Return to Monkey Island
new historical low",-50%,"R$ 36,99",89.23%,Sep 2022,,
,,"Wizard of Legend
Midweek Deal",-70%,"R$ 9,29",88.91%,May 2018,,
,,"Minecraft Dungeons
new historical low",-50%,"R$ 37,47",88.83%,Sep 2021,,
,,"Forager
Midweek Deal",-65%,"R$ 13,29",88.52%,Apr 2019,,
,,"Re: LieF ~ Shin'ainaru Anata e~
new historical low",-58%,"R$ 27,71",88.43%,Feb 2021,,
,,"Ring of Pain
Midweek Deal",-70%,"R$ 11,39",88.35%,Oct 2020,,
,,"Assassin's Creed¬Æ Odyssey
new historical low",-85%,"R$ 26,99",88.15%,Oct 2018,,
,,"Anarcute
Midweek Deal",-80%,"R$ 7,19",86.56%,Jul 2016,,
,,"Grand Theft Auto V
Top Seller
all-time low: R$ 23,82 at -78%",-65%,"R$ 38,63",86.33%,Apr 2015,‚Äî,
,,"Old School Musical
Midweek Deal",-75%,"R$ 7,99",86.19%,Sep 2018,,
,,"Ikenfell
Midweek Deal",-70%,"R$ 11,39",86.15%,Oct 2020,,
,,"Hell Pie
new historical low",-66%,"R$ 25,15",85.98%,Jul 2022,,
,,"Another Lost Phone: Laura's Story
Midweek Deal",-72%,"R$ 2,23",85.83%,Sep 2017,,
,,"Drug Dealer Simulator
Week Long Deal
new historical low",-87%,"R$ 4,93",85.66%,Apr 2020,,
,,"A Normal Lost Phone
Midweek Deal",-72%,"R$ 2,23",85.32%,Jan 2017,,
,,"The Crackpet Show
new historical low",-75%,"R$ 11,75",84.00%,Dec 2022,,
,,"Dungeon Village
new historical low",-63%,"R$ 6,87",82.83%,Mar 2022,,
,,"Vampires' Melody 2
new historical low",-50%,"R$ 6,89",82.52%,Sep 2023,,
,,"Cyberpunk 2077
Top Seller",-50%,"R$ 99,95",81.51%,Dec 2020,,
,,"A Hat in Time
Midweek Deal
all-time low: R$ 27,99 at -50%",-50%,"R$ 44,49",96.07%,Oct 2017,,
,,"Inscryption
all-time low: R$ 24,97 at -69%",-50%,"R$ 24,99",95.56%,Oct 2021,,
,,"American Truck Simulator
Weekend Deal
all-time low: R$ 7,74 at -94%",-75%,"R$ 15,49",95.51%,Feb 2016,,
,,"One Finger Death Punch
Week Long Deal
all-time low: R$ 1,69 at -80%",-78%,"R$ 1,86",95.38%,Mar 2014,,
,,Don't Starve,-75%,"R$ 5,17",95.30%,Apr 2013,,
,,Risk of Rain 2,-50%,"R$ 29,99",95.22%,Aug 2020,,
,,Sid Meier's Civilization¬Æ V,-75%,"R$ 11,24",94.97%,Sep 2010,,
,,"Vampires' Melody
all-time low: R$ 2,60 at -70%",-80%,"R$ 2,75",94.11%,Oct 2020,,
,,"Ultimate Chicken Horse
Midweek Deal
all-time low: R$ 12,03 at -57%",-65%,"R$ 15,74",93.93%,Mar 2016,,
,,Valheim,-50%,"R$ 18,99",93.82%,Feb 2021,,
,,My Friend Pedro,-75%,"R$ 14,99",93.64%,Jun 2019,,
,,ÊúàÂΩ±È≠ÖÂÉè-Ëß£Êîæ‰πãÁæΩ-,-65%,"R$ 23,09",93.52%,Jul 2019,,
,,Monster Prom 2: Monster Camp,-66%,"R$ 8,46",93.40%,Oct 2020,,
,,"One Finger Death Punch 2
Week Long Deal",-75%,"R$ 4,14",92.69%,Apr 2019,,
,,Marvel's Guardians of the Galaxy,-75%,"R$ 62,49",92.53%,Oct 2021,,
,,"ISLANDERS
Daily Deal
current 2-year low",-65%,"R$ 5,94",92.37%,Apr 2019,,
,,"Cities: Skylines
Weekend Deal
2-year low: R$ 17,79",-70%,"R$ 32,39",92.25%,Mar 2015,,
,,"Epistory - Typing Chronicles
Midweek Deal
2-year low: R$ 12,49",-70%,"R$ 12,89",91.66%,Mar 2016,,
,,Risk of Rain (2013),-80%,"R$ 3,99",91.50%,Nov 2013,,
,,Torchlight II,-80%,"R$ 6,99",91.16%,Sep 2012,,
,,"Project Wingman
Midweek Deal
current 2-year low",-50%,"R$ 23,74",91.16%,Dec 2020,,
,,Death's Door,-75%,"R$ 14,99",91.15%,Jul 2021,,
,,"Thomas Was Alone
Week Long Deal",-80%,"R$ 3,39",91.00%,Nov 2012,,
,,The Messenger,-80%,"R$ 11,99",90.98%,Aug 2018,,
,,Dead Estate,-50%,"R$ 8,99",90.97%,Oct 2021,,
,,McPixel 3,-80%,"R$ 6,59",90.88%,Nov 2022,,
,,Spelunky 2,-50%,"R$ 18,99",90.82%,Sep 2020,,
,,Death Road to Canada,-75%,"R$ 6,99",90.30%,Jul 2016,,
,,"Crusader Kings III
Weekend Deal
2-year low: R$ 67,49",-60%,"R$ 71,99",90.21%,Sep 2020,,
,,"Victoria II
Weekend Deal
2-year low: R$ 6,99",-75%,"R$ 17,99",90.19%,Aug 2010,,
,,"Hearts of Iron IV
Weekend Deal
2-year low: R$ 23,74",-70%,"R$ 53,99",90.14%,Jun 2016,,
,,Evil Genius,-90%,"R$ 1,99",89.90%,Sep 2004,,
,,ŒîV: Rings of Saturn,-50%,"R$ 10,34",89.39%,Jul 2023,,
,,Choice of Life: Middle Ages 2,-50%,"R$ 11,75",89.38%,Sep 2022,,
,,Sid Meier's Civilization¬Æ IV,-85%,"R$ 4,49",89.14%,Oct 2005,,
,,"Invisible, Inc.",-75%,"R$ 9,24",88.55%,May 2015,,
,,Slipways,-50%,"R$ 16,49",88.46%,Jun 2021,,
,,"Knights of Honor
Weekend Deal
2-year low: R$ 3,99",-75%,"R$ 8,99",88.39%,May 2005,,
,,Torchlight,-80%,"R$ 4,99",88.27%,Oct 2009,,
,,Lacuna ‚Äì A Sci-Fi Noir Adventure,-80%,"R$ 6,19",88.21%,May 2021,,
,,"Prison Architect
Weekend Deal
2-year low: R$ 11,59",-80%,"R$ 21,59",88.19%,Oct 2015,,
,,"Monaco: What's Yours Is Mine
Midweek Deal
2-year low: R$ 3,69",-75%,"R$ 6,99",87.95%,Apr 2013,,
,,Curious Expedition,-80%,"R$ 5,59",87.78%,Sep 2016,,
,,Jupiter Hell,-60%,"R$ 18,99",87.63%,Aug 2021,,
,,The Witcher: Enhanced Edition Director's Cut,-85%,"R$ 2,54",87.52%,Sep 2008,,
,,"Splasher
Midweek Deal
2-year low: R$ 7,19",-77%,"R$ 8,27",87.52%,Feb 2017,,
,,Card Shark,-50%,"R$ 29,99",87.52%,Jun 2022,,
,,Rollerdrome,-67%,"R$ 52,76",87.40%,Aug 2022,,
,,"Marble It Up! Ultra
Daily Deal
all-time low: R$ 28,49 at -25%",-60%,"R$ 35,59",87.38%,Nov 2018,,
,,Life is Strange: True Colors,-70%,"R$ 89,97",87.31%,Sep 2021,,
,,"Blue Estate The Game
Midweek Deal
all-time low: R$ 6,49 at -75%",-65%,"R$ 9,09",87.27%,Apr 2015,,
,,"Shadowrun: Dragonfall - Director's Cut
Weekend Deal
2-year low: R$ 6,99",-75%,"R$ 13,49",86.84%,Sep 2014,,
,,"DJMAX RESPECT V
Week Long Deal",-80%,"R$ 19,79",86.83%,Mar 2020,,
,,"Majesty Gold HD
Weekend Deal
2-year low: R$ 4,24",-75%,"R$ 8,99",86.83%,Mar 2001,,
,,Thronebreaker: The Witcher Tales,-75%,"R$ 13,99",86.65%,Nov 2018,,
,,Battlezone 98 Redux,-85%,"R$ 6,89",86.38%,Apr 2016,,
,,"Shadowrun Returns
Weekend Deal
2-year low: R$ 6,99",-75%,"R$ 13,49",86.28%,Jul 2013,,
,,Duskers,-50%,"R$ 18,49",86.27%,May 2016,,
,,"Europa Universalis IV
Weekend Deal
2-year low: R$ 23,74",-70%,"R$ 43,19",86.05%,Aug 2013,,
,,"House of the Dying Sun
Week Long Deal",-70%,"R$ 11,09",85.88%,Nov 2016,,
,,TrymenT ‚ÄïÁåÆÁªôÊ∏¥ÊúõÊîπÂèòÁöÑ‰Ω†‚Äï AlphAÁØá,-67%,"R$ 29,03",85.87%,Feb 2020,,
,,Curious Expedition 2,-65%,"R$ 13,29",85.85%,Jan 2021,,
,,"Darkest Hour: A Hearts of Iron Game
Weekend Deal
all-time low: R$ 3,39 at -80%",-80%,"R$ 7,19",85.68%,Apr 2011,,
,,Hob,-80%,"R$ 7,39",85.66%,Sep 2017,,
,,Astronarch,-70%,"R$ 8,69",85.59%,Jan 2021,,
,,"Expeditions: Rome
Week Long Deal",-60%,"R$ 33,99",85.56%,Jan 2022,,
,,"Magicka
Weekend Deal
2-year low: R$ 4,24",-75%,"R$ 8,99",85.51%,Jan 2011,,
,,Lost Castle / Â§±ËêΩÂüéÂ†°,-60%,"R$ 7,99",85.44%,Sep 2016,,
,,Assassin's Creed¬Æ Origins,-85%,"R$ 26,99",85.30%,Oct 2017,,
,,Fury Unleashed,-85%,"R$ 8,99",85.14%,May 2020,,
,,"JoJo's Bizarre Adventure: All-Star Battle R
Week Long Deal",-70%,"R$ 60,75",85.06%,Sep 2022,,
,,"Tyranny
Weekend Deal
all-time low: R$ 14,49 at -75%",-75%,"R$ 26,99",84.72%,Nov 2016,,
,,"Tick Tock: A Tale for Two
Daily Deal
2-year low: R$ 6,19",-60%,"R$ 7,60",84.27%,Mar 2019,,
,,"ScourgeBringer
Midweek Deal",-75%,"R$ 9,99",84.22%,Oct 2020,,
,,"SpellForce - Platinum Edition
Daily Deal
current 2-year low",-80%,"R$ 3,39",83.86%,Nov 2009,,
,,"Knights of Pen and Paper 2
Weekend Deal
all-time low: R$ 3,99 at -75%",-75%,"R$ 7,24",83.80%,Oct 2015,,
,,"Shadowrun: Hong Kong - Extended Edition
Weekend Deal
all-time low: R$ 7,39 at -80%",-75%,"R$ 17,99",83.76%,Aug 2015,,
,,"SpellForce 3 Fallen God
Daily Deal",-80%,"R$ 7,59",83.62%,Nov 2020,,
,,"Age of Wonders Shadow Magic
Weekend Deal
2-year low: R$ 4,24",-75%,"R$ 8,99",83.21%,‚Äî,,
,,"Void Bastards
Midweek Deal",-70%,"R$ 17,39",83.21%,May 2019,,
,,"Surviving Mars
Weekend Deal
2-year low: R$ 14,49",-75%,"R$ 26,99",83.15%,Mar 2018,,
,,"Crying Suns
Midweek Deal",-70%,"R$ 14,24",83.14%,Sep 2019,,
,,"Sword of the Stars: Complete Collection
Weekend Deal
all-time low: R$ 4,24 at -75%",-75%,"R$ 8,99",82.85%,Oct 2008,,
,,"Warlock - Master of the Arcane
Weekend Deal
2-year low: R$ 11,49",-75%,"R$ 22,49",82.81%,May 2012,,
,,"Academia : School Simulator
Weekend Deal
all-time low: R$ 17,99 at -40%",-50%,"R$ 35,99",82.23%,Sep 2017,,
,,"Project Highrise
Daily Deal
all-time low: R$ 7,39 at -80%",-84%,"R$ 9,59",82.01%,Sep 2016,,
,,"BATTLETECH
Weekend Deal
all-time low: R$ 18,87 at -75%",-75%,"R$ 35,99",81.95%,Apr 2018,,
,,"Ice Lakes
Weekend Deal
all-time low: R$ 6,99 at -75%",-75%,"R$ 13,49",81.80%,Apr 2016,,
,,"Teleglitch: Die More Edition
Weekend Deal
all-time low: R$ 4,39 at -80%",-75%,"R$ 11,74",81.79%,Jul 2013,,
,,"Watch_Dogs¬Æ 2
Midweek Deal
current 2-year low",-85%,"R$ 22,49",81.65%,Nov 2016,,
,,"Hearts of Iron 2 Complete
Weekend Deal
2-year low: R$ 6,24",-75%,"R$ 13,49",81.41%,Jan 2006,,
,,"Fae Tactics
Midweek Deal",-70%,"R$ 11,39",81.34%,Jul 2020,,
,,"King Arthur: Knight's Tale
Daily Deal",-60%,"R$ 48,79",81.30%,Apr 2022,,
,,"SpellForce 3 Soul Harvest
Daily Deal",-80%,"R$ 7,59",81.25%,May 2019,,
,,"Temtem
Midweek Deal
all-time low: R$ 39,14 at -71%",-60%,"R$ 53,99",80.77%,Sep 2022,,
,,"Magicka 2
Weekend Deal
all-time low: R$ 6,99 at -75%",-75%,"R$ 13,49",80.65%,May 2015,,
,,"Mechanic Escape
Midweek Deal",-80%,"R$ 2,49",80.64%,Apr 2014,,
,,"Across the Obelisk
Weekend Deal
2-year low: R$ 30,39",-50%,"R$ 35,99",80.59%,Apr 2021,,
,,"Zombie Party
Midweek Deal
all-time low: R$ 3,99 at -80%",-80%,"R$ 4,13",80.37%,Jun 2016,,
,,"Europa Universalis III Complete
Weekend Deal
2-year low: R$ 6,24",-70%,"R$ 16,19",80.19%,Jan 2007,,
,,"Knights of Pen and Paper +1 Edition
Weekend Deal
all-time low: R$ 3,39 at -80%",-75%,"R$ 8,99",79.98%,Jun 2013,,
,,"Revita
Midweek Deal
new historical low",-50%,"R$ 19,99",79.66%,‚Äî,,
,,"Flynn: Son of Crimson
Midweek Deal
new historical low",-60%,"R$ 23,99",79.55%,Sep 2021,,
,,"Wildfire
Midweek Deal",-60%,"R$ 11,59",78.74%,May 2020,,
,,"Age of Wonders III
Weekend Deal
all-time low: R$ 13,99 at -75%",-75%,"R$ 26,99",78.63%,Mar 2014,,
,,"Age of Wonders: Planetfall
Weekend Deal
all-time low: R$ 23,49 at -75%",-66%,"R$ 36,71",78.06%,Aug 2019,,
,,"Finding Teddy
Midweek Deal",-80%,"R$ 2,79",77.73%,Dec 2013,,
,,"Staxel
Midweek Deal",-75%,"R$ 9,24",77.24%,Apr 2019,,
,,"HOT WHEELS UNLEASHED‚Ñ¢
Daily Deal
all-time low: R$ 16,49 at -85%",-85%,"R$ 29,92",76.39%,Sep 2021,,
,,"Hotel Renovator
Daily Deal",-50%,"R$ 44,95",76.26%,Mar 2023,,
,,"Hellslave
Midweek Deal
new historical low",-75%,"R$ 11,49",75.97%,May 2022,,
,,"Aegis Defenders
Midweek Deal
current 2-year low",-75%,"R$ 9,24",75.59%,Feb 2018,,
,,"Watch_Dogs‚Ñ¢
Midweek Deal
2-year low: R$ 13,49",-85%,"R$ 14,24",75.43%,May 2014,,
,,"Hearts of Iron III
Weekend Deal
2-year low: R$ 4,24",-75%,"R$ 8,99",75.10%,Aug 2009,,
,,"Nanotale - Typing Chronicles
Midweek Deal
new historical low",-60%,"R$ 18,39",74.95%,Mar 2021,,
,,"Age of Wonders
Weekend Deal
all-time low: R$ 1,99 at -80%",-75%,"R$ 5,49",74.90%,‚Äî,,
,,"SpellForce 3 Reforced
Daily Deal",-80%,"R$ 15,09",74.60%,Dec 2017,,
,,"Cities in Motion
Weekend Deal
all-time low: R$ 8,74 at -75%",-50%,"R$ 35,99",73.51%,Feb 2011,,
,,"Vampire: The Masquerade - Shadows of New York
Midweek Deal",-80%,"R$ 5,37",73.25%,Sep 2020,,
,,"Popup Dungeon
Midweek Deal",-60%,"R$ 18,99",72.88%,Aug 2020,,
,,"Steel Division: Normandy 44
Weekend Deal
all-time low: R$ 18,24 at -75%",-66%,"R$ 24,47",72.77%,May 2017,,
,,"NeuroVoider
Midweek Deal
all-time low: R$ 6,79 at -80%",-75%,"R$ 8,49",72.57%,Aug 2016,,
,,"SpellForce 2 - Anniversary Edition
Daily Deal
current 2-year low",-80%,"R$ 4,99",72.47%,Oct 2009,,
,,"Internet Cafe Simulator 2
Daily Deal
all-time low: R$ 18,99 at -50%",-60%,"R$ 23,99",72.25%,Jan 2022,,
,,"DRIFT CE
Daily Deal
all-time low: R$ 29,70 at -70%",-50%,"R$ 49,50",71.15%,Jun 2021,,
,,"Vampire: The Masquerade - Coteries of New York
Midweek Deal",-90%,"R$ 3,79",70.79%,Dec 2019,,
,,"Surviving the Aftermath
Weekend Deal
all-time low: R$ 17,39 at -70%",-70%,"R$ 32,39",69.38%,Nov 2021,,
,,"Wurm Unlimited
Midweek Deal",-75%,"R$ 27,49",69.36%,Oct 2015,,
,,"Belladonna
Midweek Deal
all-time low: R$ 1,39 at -90%",-75%,"R$ 3,62",69.16%,Feb 2015,,
,,"Majesty 2
Weekend Deal
all-time low: R$ 4,24 at -75%",-75%,"R$ 8,99",67.49%,Sep 2009,,
,,"Warlock 2: The Exiled
Weekend Deal
all-time low: R$ 7,39 at -80%",-75%,"R$ 17,99",67.18%,Apr 2014,,
,,"King Arthur - The Role-playing Wargame
Weekend Deal
all-time low: R$ 3,39 at -80%",-75%,"R$ 8,99",66.84%,Nov 2009,,
,,"Souldiers
Midweek Deal
new historical low",-65%,"R$ 16,09",65.54%,Jun 2022,,
,,"WRC 5 FIA World Rally Championship
Midweek Deal",-90%,"R$ 2,06",65.34%,Oct 2015,,
,,"Victoria 3
Weekend Deal
new historical low",-76%,"R$ 43,19",65.08%,Oct 2022,,
,,"NECROPOLIS: BRUTAL EDITION
Weekend Deal
2-year low: R$ 11,19",-75%,"R$ 26,99",63.76%,‚Äî,,
,,"A Game of Dwarves
Weekend Deal
all-time low: R$ 3,39 at -80%",-75%,"R$ 8,99",61.53%,Oct 2012,,
,,"Euro Truck Simulator 2
2-year low: R$ 7,74",-75%,"R$ 15,49",96.61%,Oct 2012,,
,,"Slay the Spire
all-time low: R$ 16,14 at -66%",-66%,"R$ 25,49",96.55%,Jan 2019,,
,,"Bloons TD 6
2-year low: R$ 5,57",-65%,"R$ 9,76",96.30%,Dec 2018,,
,,"Dead Cells
current 2-year low",-50%,"R$ 23,74",95.88%,Aug 2018,,
,,"Hotline Miami
2-year low: R$ 3,39",-80%,"R$ 6,59",95.77%,Oct 2012,,
,,"The Wolf Among Us
Week Long Deal
2-year low: R$ 8,69",-50%,"R$ 25,00",95.71%,Oct 2013,,
,,"The Witcher¬Æ 3: Wild Hunt
all-time low: R$ 15,99 at -80%",-75%,"R$ 32,49",95.33%,May 2015,,
,,"Oxygen Not Included
all-time low: R$ 13,79 at -70%",-66%,"R$ 15,63",95.33%,Jul 2019,,
,,"Broforce
2-year low: R$ 6,24",-80%,"R$ 9,39",95.27%,Oct 2015,,
,,"Keep Talking and Nobody Explodes
all-time low: R$ 8,39 at -70%",-60%,"R$ 18,79",95.10%,Oct 2015,,
,,"INSIDE
all-time low: R$ 4,59 at -90%",-90%,"R$ 7,40",95.09%,Jul 2016,,
,,"Stronghold Crusader HD
all-time low: R$ 3,39 at -80%",-70%,"R$ 5,09",95.07%,Jul 2002,,
,,"Tales of the Black Forest
all-time low: R$ 2,60 at -70%",-70%,"R$ 4,13",95.06%,Sep 2019,,
,,"Tomb Raider
2-year low: R$ 5,24",-80%,"R$ 12,49",95.01%,Mar 2013,,
,,"GRIS
all-time low: R$ 8,24 at -75%",-80%,"R$ 9,39",94.94%,Dec 2018,,
,,"Milk inside a bag of milk inside a bag of milk
Week Long Deal
all-time low: R$ 1,04 at -70%",-50%,"R$ 1,74",94.76%,Aug 2020,,
,,"Mirror
all-time low: R$ 1,79 at -60%",-60%,"R$ 2,79",94.56%,Apr 2018,,
,,"Enter the Gungeon
all-time low: R$ 9,23 at -67%",-70%,"R$ 14,09",94.24%,Apr 2016,,
,,"Supreme Commander: Forged Alliance
all-time low: R$ 3,39 at -80%",-80%,"R$ 6,79",94.11%,Sep 2011,,
,,"FTL: Faster Than Light
all-time low: R$ 4,24 at -75%",-75%,"R$ 5,99",94.03%,Sep 2012,,
,,"Fox Hime Zero
all-time low: R$ 1,34 at -70%",-70%,"R$ 2,09",93.84%,May 2018,,
,,"Streets of Rogue
all-time low: R$ 9,49 at -75%",-75%,"R$ 14,99",93.81%,Jul 2019,,
,,"Crypt of the NecroDancer
all-time low: R$ 5,59 at -80%",-80%,"R$ 9,39",93.71%,Apr 2015,,
,,"FlatOut 2‚Ñ¢
2-year low: R$ 3,39",-80%,"R$ 13,99",93.70%,Aug 2006,,
,,"shapez
all-time low: R$ 5,99 at -70%",-78%,"R$ 10,83",93.67%,Jun 2020,,
,,"Downwell
2-year low: R$ 2,07",-67%,"R$ 3,46",93.66%,Oct 2015,,
,,"Metal: Hellsinger
Week Long Deal
all-time low: R$ 26,09 at -67%",-60%,"R$ 31,63",93.64%,Sep 2022,,
,,"Paint the Town Red
2-year low: R$ 18,99",-50%,"R$ 29,99",93.62%,Jul 2021,,
,,"Superflight
all-time low: R$ 1,29 at -80%",-50%,"R$ 5,24",93.59%,Nov 2017,,
,,"The Talos Principle
2-year low: R$ 8,89",-85%,"R$ 13,34",93.47%,Dec 2014,,
,,"TY the Tasmanian Tiger
Week Long Deal
all-time low: R$ 9,79 at -65%",-50%,"R$ 13,99",93.47%,Dec 2016,,
,,"Bit Blaster XL
Week Long Deal
all-time low: R$ 1,09 at -50%",-50%,"R$ 1,74",93.15%,Jan 2016,,
,,"Orcs Must Die!
2-year low: R$ 4,13",-75%,"R$ 5,17",93.14%,Oct 2011,,
,,"Retrowave
2-year low: R$ 3,14",-50%,"R$ 5,24",93.10%,May 2022,,
,,"ROUNDS
all-time low: R$ 4,95 at -60%",-50%,"R$ 8,99",93.04%,Apr 2021,,
,,"AudioSurf
2-year low: R$ 4,99",-75%,"R$ 8,24",93.00%,Feb 2008,,
,,"Fluffy Store
all-time low: R$ 1,34 at -70%",-70%,"R$ 2,09",92.85%,Aug 2019,,
,,"Star of Providence
all-time low: R$ 7,99 at -50%",-50%,"R$ 23,49",92.73%,Jun 2017,,
,,"Rise of the Tomb Raider‚Ñ¢
all-time low: R$ 17,00 at -80%",-80%,"R$ 24,99",92.70%,Feb 2016,,
,,"LYNE
2-year low: R$ 3,14",-60%,"R$ 4,19",92.69%,Mar 2014,,
,,"Pikuniku
2-year low: R$ 6,72",-80%,"R$ 8,39",92.59%,Jan 2019,,
,,"Stronghold HD (2012)
Week Long Deal
current 2-year low",-70%,"R$ 3,59",92.59%,Oct 2001,,
,,"Stick Fight: The Game
all-time low: R$ 3,14 at -70%",-60%,"R$ 6,00",92.38%,Sep 2017,,
,,"DR LIVESEY ROM AND DEATH EDITION
all-time low: R$ 0,66 at -71%",-50%,"R$ 1,74",92.38%,Feb 2023,,
,,"Hotline Miami 2: Wrong Number
all-time low: R$ 4,99 at -80%",-85%,"R$ 7,04",92.32%,Mar 2015,,
,,"CARRION
all-time low: R$ 15,19 at -60%",-70%,"R$ 17,99",92.30%,Jul 2020,,
,,"Mount Your Friends
Week Long Deal
2-year low: R$ 3,67",-65%,"R$ 5,94",92.27%,Jul 2014,,
,,"Tales of Maj'Eyal
current 2-year low",-50%,"R$ 6,99",92.20%,Dec 2012,,
,,"Long Live The Queen
Week Long Deal
2-year low: R$ 5,99",-65%,"R$ 9,09",91.88%,Nov 2013,,
,,"Descenders
all-time low: R$ 11,87 at -75%",-70%,"R$ 14,24",91.86%,May 2019,,
,,"Max Payne 2: The Fall of Max Payne
current 2-year low",-65%,"R$ 5,24",91.79%,Oct 2003,,
,,"Sleeping Dogs: Definitive Edition
current 2-year low",-85%,"R$ 8,39",91.67%,Oct 2014,,
,,"Chronicon
2-year low: R$ 16,73",-60%,"R$ 17,79",91.66%,Aug 2020,,
,,"Skul: The Hero Slayer
all-time low: R$ 18,99 at -50%",-50%,"R$ 29,99",91.63%,Jan 2021,,
,,"Heat Signature
all-time low: R$ 5,59 at -80%",-60%,"R$ 11,19",91.57%,Sep 2017,,
,,"The Red Strings Club
all-time low: R$ 8,69 at -70%",-75%,"R$ 11,74",91.56%,Jan 2018,,
,,"Wingspan
all-time low: R$ 18,99 at -50%",-50%,"R$ 29,99",91.47%,Sep 2020,,
,,"IRM√ÉO Grande & Brasileiro 2
all-time low: R$ 5,99 at -70%",-65%,"R$ 6,99",91.39%,Oct 2021,,
,,"Loop Hero
all-time low: R$ 11,54 at -67%",-67%,"R$ 15,50",91.32%,Mar 2021,,
,,"LIMBO
all-time low: R$ 2,09 at -90%",-90%,"R$ 3,70",91.29%,Aug 2011,,
,,"Gato Roboto
all-time low: R$ 4,97 at -70%",-75%,"R$ 6,62",91.17%,May 2019,,
,,"GORN
2-year low: R$ 24,04",-50%,"R$ 29,99",91.16%,Jul 2019,,
,,"Orcs Must Die! 2
2-year low: R$ 5,79",-75%,"R$ 7,24",91.06%,Jul 2012,,
,,"HUNTDOWN
all-time low: R$ 7,59 at -80%",-80%,"R$ 11,99",90.96%,May 2021,,
,,"Sins of a Solar Empire¬Æ: Rebellion
2-year low: R$ 24,15",-70%,"R$ 32,39",90.86%,Jun 2012,,
,,"SEUM: Speedrunners from Hell
2-year low: R$ 9,23",-60%,"R$ 17,99",90.84%,Jul 2016,,
,,"Lords of the Realm II
all-time low: R$ 0,94 at -85%",-80%,"R$ 2,09",90.83%,Oct 1996,,
,,"Kiwi Clicker - Juiced Up
all-time low: R$ 5,44 at -50%",-50%,"R$ 8,49",90.77%,Jul 2022,,
,,"Super Amazing Wagon Adventure
current 2-year low",-66%,"R$ 3,56",90.72%,Oct 2013,,
,,"Legend of Grimrock
Week Long Deal
2-year low: R$ 6,99",-80%,"R$ 9,39",90.68%,Apr 2012,,
,,"Brigador: Up-Armored Edition
current 2-year low",-64%,"R$ 16,55",90.57%,Jun 2016,,
,,"APE OUT
all-time low: R$ 6,99 at -75%",-75%,"R$ 11,74",90.55%,Feb 2019,,
,,"Rogue Legacy
2-year low: R$ 5,59",-80%,"R$ 9,39",90.53%,Jun 2013,,
,,"Race The Sun
all-time low: R$ 1,99 at -90%",-75%,"R$ 8,24",90.50%,Dec 2013,,
,,"One Way Heroics
2-year low: R$ 1,79",-69%,"R$ 1,85",90.48%,Feb 2014,,
,,"Darkest Dungeon¬Æ
all-time low: R$ 6,89 at -85%",-85%,"R$ 11,09",90.42%,Jan 2016,,
,,"Hero of the Kingdom
Week Long Deal
2-year low: R$ 2,39",-85%,"R$ 3,97",90.11%,Dec 2012,,
,,"Spelunky
all-time low: R$ 2,79 at -90%",-75%,"R$ 6,99",89.85%,Aug 2013,,
,,"Siralim Ultimate
all-time low: R$ 25,07 at -34%",-50%,"R$ 29,99",89.85%,Dec 2021,,
,,"A Story About My Uncle
2-year low: R$ 5,79",-80%,"R$ 9,39",89.82%,May 2014,,
,,"Black Book
all-time low: R$ 23,74 at -50%",-60%,"R$ 31,99",89.81%,Aug 2021,,
,,"Serious Sam Fusion 2017 (beta)
all-time low: R$ 2,79 at -90%",-90%,"R$ 5,99",89.74%,‚Äî,,
,,"Thief‚Ñ¢ II: The Metal Age
all-time low: R$ 1,81 at -86%",-86%,"R$ 4,05",89.74%,Mar 2000,,
,,"Melody's Escape
Week Long Deal
2-year low: R$ 5,77",-75%,"R$ 8,24",89.73%,May 2016,,
,,"Child of Light
current 2-year low",-70%,"R$ 13,49",89.63%,Apr 2014,,
,,"Men of War: Assault Squad 2
all-time low: R$ 11,19 at -80%",-80%,"R$ 17,79",89.59%,May 2014,,
,,"Genital Jousting
2-year low: R$ 2,35",-89%,"R$ 2,58",89.50%,Jan 2018,,
,,"Escape Dungeon 2
all-time low: R$ 22,74 at -35%",-50%,"R$ 27,49",89.40%,Jan 2022,,
,,"Road 96 üõ£Ô∏è
all-time low: R$ 17,48 at -65%",-75%,"R$ 24,00",89.36%,Aug 2021,,
,,"Lovers in a Dangerous Spacetime
current 2-year low",-50%,"R$ 13,99",89.35%,Sep 2015,,
,,"Just Cause 2
all-time low: R$ 2,69 at -90%",-90%,"R$ 6,49",89.27%,Mar 2010,,
,,"TY the Tasmanian Tiger 2
Week Long Deal
all-time low: R$ 10,14 at -65%",-50%,"R$ 14,49",89.18%,Dec 2017,,
,,"Siralim 3
2-year low: R$ 14,09",-50%,"R$ 23,49",89.05%,Oct 2018,,
,,"FlatOut
2-year low: R$ 1,94",-80%,"R$ 13,99",89.04%,Jul 2005,‚Äî,
,,"Touhou Genso Wanderer -Reloaded-
2-year low: R$ 55,99",-50%,"R$ 69,99",89.01%,Oct 2018,,
,,"Dropsy
2-year low: R$ 2,99",-90%,"R$ 3,29",88.99%,Sep 2015,,
,,"Heroes of Might & Magic V: Tribes of the East
current 2-year low",-75%,"R$ 7,49",88.97%,Oct 2007,,
,,"Lara Croft GO
all-time low: R$ 3,99 at -80%",-80%,"R$ 8,29",88.96%,Dec 2016,,
,,"Rampage Knights
2-year low: R$ 7,19",-60%,"R$ 16,79",88.94%,Sep 2015,,
,,"Furry Shades of Gay 2: A Shade Gayer
all-time low: R$ 6,19 at -50%",-50%,"R$ 16,49",88.90%,Dec 2021,,
,,"Pumpkin Jack
all-time low: R$ 17,39 at -70%",-75%,"R$ 22,24",88.82%,Oct 2020,,
,,"Batman: The Enemy Within - The Telltale Series
Week Long Deal
all-time low: R$ 7,24 at -75%",-50%,"R$ 25,00",88.81%,Aug 2017,,
,,"NORCO
all-time low: R$ 14,49 at -50%",-60%,"R$ 18,79",88.76%,Mar 2022,,
,,"Golf Peaks
all-time low: R$ 2,17 at -80%",-59%,"R$ 15,47",88.67%,Nov 2018,‚Äî,
,,"Dark Messiah of Might & Magic
current 2-year low",-75%,"R$ 7,49",88.66%,Oct 2006,,
,,"Thumper
Week Long Deal
all-time low: R$ 7,39 at -80%",-55%,"R$ 16,64",88.64%,Oct 2016,,
,,"Thief‚Ñ¢ Gold
all-time low: R$ 1,81 at -86%",-86%,"R$ 4,05",88.62%,Nov 1998,,
,,"Mutant Year Zero: Road to Eden
Week Long Deal
all-time low: R$ 26,84 at -70%",-60%,"R$ 36,79",88.55%,Dec 2018,,
,,"Bridge Constructor Portal
all-time low: R$ 2,06 at -90%",-90%,"R$ 3,29",88.52%,Dec 2017,,
,,"Rogue Glitch Ultra
current 2-year low",-50%,"R$ 19,24",88.50%,Mar 2021,,
,,"Super Panda Adventures
Week Long Deal
current 2-year low",-50%,"R$ 5,44",88.39%,Jul 2014,,
,,"The Witcher 2: Assassins of Kings Enhanced Edition
all-time low: R$ 5,54 at -85%",-85%,"R$ 8,99",88.29%,May 2011,,
,,"Nyan Cat: Lost In Space
current 2-year low",-50%,"R$ 5,44",88.28%,Dec 2015,,
,,"Lara Croft and the Guardian of Light
all-time low: R$ 2,54 at -85%",-85%,"R$ 6,22",88.24%,Sep 2010,,
,,"Disc Room
all-time low: R$ 14,49 at -50%",-67%,"R$ 15,50",88.19%,Oct 2020,,
,,"ULTIMATE HARDBASS DEFENCE
all-time low: R$ 0,89 at -80%",-80%,"R$ 2,75",88.01%,Apr 2019,,
,,"Renowned Explorers: International Society
2-year low: R$ 9,24",-60%,"R$ 14,79",87.98%,Sep 2015,,
,,"Transport Fever 2
all-time low: R$ 42,49 at -50%",-55%,"R$ 48,59",87.96%,Dec 2019,,
,,"Rift Wizard
all-time low: R$ 13,04 at -55%",-50%,"R$ 14,49",87.91%,Sep 2021,,
,,"No Time to Relax
Week Long Deal
all-time low: R$ 6,97 at -75%",-50%,"R$ 13,94",87.91%,Feb 2019,,
,,"Nobody Saves the World
all-time low: R$ 28,49 at -40%",-60%,"R$ 29,59",87.88%,Jan 2022,,
,,"Dealer's Life
2-year low: R$ 9,99",-50%,"R$ 14,99",87.87%,Jan 2019,,
,,"Sky Rogue
all-time low: R$ 8,79 at -81%",-75%,"R$ 9,24",87.76%,Aug 2017,,
,,"Sanctum 2
all-time low: R$ 4,19 at -85%",-80%,"R$ 9,39",87.74%,May 2013,,
,,"The House of Da Vinci 2
Week Long Deal
all-time low: R$ 15,99 at -60%",-50%,"R$ 29,99",87.74%,May 2020,,
,,"Ukrainian ball in search of gas
Week Long Deal
all-time low: R$ 0,66 at -71%",-50%,"R$ 1,74",87.71%,Dec 2017,,
,,"LUFTRAUSERS
all-time low: R$ 3,39 at -80%",-80%,"R$ 6,59",87.69%,Mar 2014,,
,,"SPACEPLAN
all-time low: R$ 2,07 at -67%",-67%,"R$ 3,46",87.65%,May 2017,,
,,"Monstrum
all-time low: R$ 6,79 at -80%",-70%,"R$ 10,19",87.59%,May 2015,,
,,"CHANGE: A Homeless Survival Experience
all-time low: R$ 11,09 at -70%",-60%,"R$ 14,79",87.57%,May 2020,,
,,"Assassin‚Äôs Creed¬Æ IV Black Flag‚Ñ¢
current 2-year low",-70%,"R$ 35,99",87.56%,‚Äî,,
,,"Heave Ho
all-time low: R$ 8,27 at -60%",-60%,"R$ 13,19",87.50%,Aug 2019,,
,,"SLUDGE LIFE
all-time low: R$ 0,00 at -100%",-80%,"R$ 9,39",87.49%,Jun 2021,,
,,"Legend of Grimrock 2
Week Long Deal
2-year low: R$ 10,24",-80%,"R$ 14,20",87.48%,Oct 2014,,
,,"Intravenous
all-time low: R$ 8,49 at -66%",-70%,"R$ 17,99",87.45%,Jul 2021,,
,,"Aces & Adventures
all-time low: R$ 28,57 at -75%",-57%,"R$ 49,18",87.43%,Feb 2023,‚Äî,
,,"RUINER
all-time low: R$ 7,39 at -80%",-80%,"R$ 11,99",87.42%,Sep 2017,,
,,"Space Pirates and Zombies
current 2-year low",-50%,"R$ 9,99",87.37%,Aug 2011,,
,,"Human-powered spacecraft
Week Long Deal
all-time low: R$ 0,66 at -71%",-50%,"R$ 1,74",87.35%,May 2018,,
,,"The Vagrant
all-time low: R$ 1,73 at -80%",-80%,"R$ 2,75",87.34%,Jul 2018,,
,,"Flamebreak
all-time low: R$ 2,06 at -90%",-75%,"R$ 5,17",87.31%,Mar 2016,,
,,"Red Comrades Save the Galaxy: Reloaded
Week Long Deal
all-time low: R$ 2,09 at -75%",-75%,"R$ 3,44",87.18%,Feb 2016,,
,,"LUNA The Shadow Dust
all-time low: R$ 26,59 at -30%",-66%,"R$ 40,48",87.16%,Feb 2020,,
,,"SanctuaryRPG: Black Edition
all-time low: R$ 1,59 at -90%",-85%,"R$ 2,48",87.11%,Feb 2015,,
,,"Faerie Solitaire
Week Long Deal
current 2-year low",-90%,"R$ 2,89",87.04%,Sep 2010,,
,,"Kandidatos
all-time low: R$ 0,62 at -70%",-50%,"R$ 1,74",86.99%,Sep 2020,,
,,"NEO Scavenger
2-year low: R$ 7,24",-75%,"R$ 11,74",86.88%,Dec 2014,,
,,"Diamo XL
Week Long Deal
all-time low: R$ 1,14 at -50%",-50%,"R$ 1,74",86.79%,Oct 2017,,
,,"Stellaris
2-year low: R$ 23,74",-70%,"R$ 43,19",86.77%,May 2016,,
,,"Super Blood Hockey
Week Long Deal
all-time low: R$ 4,34 at -85%",-80%,"R$ 9,39",86.74%,Aug 2017,,
,,"Witch It
all-time low: R$ 9,49 at -75%",-80%,"R$ 11,99",86.67%,Oct 2020,,
,,"Men of War‚Ñ¢
all-time low: R$ 1,57 at -85%",-85%,"R$ 2,54",86.46%,May 2009,,
,,"Neon Chrome
all-time low: R$ 6,43 at -77%",-60%,"R$ 18,79",86.46%,Apr 2016,,
,,"Battle Brothers
all-time low: R$ 18,47 at -67%",-50%,"R$ 34,99",86.42%,Mar 2017,,
,,"Sex and the Furry Titty 2: Sins of the City
all-time low: R$ 14,48 at -30%",-50%,"R$ 16,49",86.34%,Sep 2022,,
,,"Scythe: Digital Edition
Week Long Deal
all-time low: R$ 15,19 at -60%",-60%,"R$ 23,99",86.18%,Sep 2018,,
,,"Icewind Dale: Enhanced Edition
Week Long Deal
2-year low: R$ 9,49",-80%,"R$ 11,99",86.16%,Oct 2014,,
,,"Mini Ninjas
all-time low: R$ 2,54 at -85%",-85%,"R$ 5,23",86.14%,Sep 2009,,
,,"Supreme Commander 2
2-year low: R$ 4,24",-75%,"R$ 13,72",86.10%,Mar 2010,,
,,"Jurassic World Evolution 2
all-time low: R$ 27,49 at -75%",-70%,"R$ 32,99",86.08%,Nov 2021,,
,,"Octogeddon
Week Long Deal
all-time low: R$ 6,79 at -64%",-50%,"R$ 9,44",86.05%,Feb 2018,,
,,"Knightfall: A Daring Journey
2-year low: R$ 4,95",-50%,"R$ 8,99",86.01%,Apr 2022,,
,,"The Longest Journey
Week Long Deal
2-year low: R$ 7,49",-60%,"R$ 13,19",86.00%,Nov 2000,,
,,"Sex and the Furry Titty
all-time low: R$ 4,95 at -60%",-60%,"R$ 9,40",85.84%,Jun 2021,,
,,"Sanctum
all-time low: R$ 2,99 at -85%",-80%,"R$ 6,59",85.83%,Apr 2011,,
,,"Golden Light
all-time low: R$ 18,82 at -30%",-50%,"R$ 29,99",85.76%,Mar 2022,,
,,"Olija
all-time low: R$ 11,59 at -60%",-70%,"R$ 14,09",85.75%,Jan 2021,,
,,"Minit
all-time low: R$ 4,99 at -75%",-80%,"R$ 6,59",85.72%,Apr 2018,,
,,"Stronghold 2: Steam Edition
Week Long Deal
all-time low: R$ 6,99 at -75%",-70%,"R$ 8,39",85.72%,‚Äî,,
,,"Oknytt
Week Long Deal
all-time low: R$ 1,04 at -90%",-83%,"R$ 1,78",85.66%,Jul 2013,,
,,"Star Valor
2-year low: R$ 17,94",-60%,"R$ 29,59",85.66%,Aug 2022,,
,,"UBERMOSH
all-time low: R$ 0,62 at -71%",-90%,"R$ 1,74",85.47%,Aug 2015,,
,,"Supreme Commander
all-time low: R$ 3,39 at -80%",-80%,"R$ 6,79",85.42%,Feb 2007,,
,,"Tallowmere
all-time low: R$ 2,14 at -50%",-75%,"R$ 3,44",85.41%,Mar 2015,,
,,"The Inner World
all-time low: R$ 2,49 at -90%",-90%,"R$ 4,69",85.37%,Sep 2013,,
,,"Hydroneer
Week Long Deal
all-time low: R$ 14,48 at -30%",-50%,"R$ 23,49",85.35%,May 2020,,
,,"FlatOut: Ultimate Carnage Collector's Edition
2-year low: R$ 5,24",-80%,"R$ 13,99",85.30%,Aug 2008,,
,,"Heroes of Hammerwatch
all-time low: R$ 9,95 at -60%",-60%,"R$ 15,39",85.26%,Mar 2018,,
,,"Marc Eck≈ç's Getting Up: Contents Under Pressure
all-time low: R$ 2,49 at -90%",-90%,"R$ 4,69",85.20%,Feb 2006,,
,,"Prison Run and Gun
Week Long Deal
all-time low: R$ 1,08 at -90%",-80%,"R$ 2,75",85.20%,Mar 2016,,
,,"Men of War: Assault Squad
current 2-year low",-90%,"R$ 3,29",85.17%,Feb 2011,,
,,"Reigns
2-year low: R$ 3,14",-67%,"R$ 3,46",85.06%,Aug 2016,,
,,"Football, Tactics & Glory
all-time low: R$ 7,12 at -85%",-80%,"R$ 14,79",84.98%,Jun 2018,,
,,"Catlateral Damage
all-time low: R$ 4,99 at -75%",-75%,"R$ 8,24",84.95%,May 2015,,
,,"Puzzle Agent
Week Long Deal
2-year low: R$ 2,09",-50%,"R$ 9,99",84.87%,‚Äî,,
,,"Max Payne 3
current 2-year low",-70%,"R$ 29,85",84.83%,Jun 2012,,
,,"Tomb Raider: Legend
all-time low: R$ 1,81 at -86%",-86%,"R$ 4,05",84.74%,Apr 2006,,
,,Choice of Life: Middle Ages,-80%,"R$ 3,39",84.71%,Nov 2020,,
,,"MY HERO ONE'S JUSTICE 2
Week Long Deal",-85%,"R$ 23,23",84.64%,Sep 2023,,
,,Juicy Realm,-50%,"R$ 10,34",84.62%,May 2018,,
,,"Heroes of Might & Magic V
current 2-year low",-75%,"R$ 7,49",84.59%,May 2006,,
,,"Conquest of Elysium 5
all-time low: R$ 28,99 at -50%",-50%,"R$ 44,49",84.51%,Aug 2021,,
,,"Devolver Bootleg
all-time low: R$ 3,26 at -70%",-70%,"R$ 5,09",84.50%,Jun 2019,,
,,ToeJam & Earl: Back in the Groove!,-90%,"R$ 2,89",84.49%,Mar 2019,,
,,"Grim Nights
Week Long Deal
2-year low: R$ 3,24",-50%,"R$ 5,24",84.48%,Oct 2018,,
,,"Stories Untold
all-time low: R$ 3,99 at -80%",-80%,"R$ 6,59",84.39%,Feb 2017,,
,,Battlezone: Combat Commander,-81%,"R$ 7,21",84.38%,Mar 2018,,
,,"Game Corp DX
Week Long Deal
all-time low: R$ 1,57 at -75%",-75%,"R$ 2,62",84.37%,Oct 2015,,
,,"Pawnbarian
all-time low: R$ 8,27 at -60%",-50%,"R$ 10,34",84.37%,Sep 2021,,
,,"PANELKI
all-time low: R$ 2,54 at -85%",-80%,"R$ 3,39",84.34%,Mar 2022,,
,,"The Solitaire Conspiracy
Week Long Deal",-80%,"R$ 4,97",84.29%,Oct 2020,,
,,"AI War 2
all-time low: R$ 9,49 at -75%",-75%,"R$ 14,99",84.28%,Oct 2019,,
,,"The Enchanted Cave 2
all-time low: R$ 4,55 at -78%",-75%,"R$ 5,17",84.28%,Jun 2015,,
,,"Mother Russia Bleeds
all-time low: R$ 5,59 at -80%",-80%,"R$ 9,39",84.20%,Sep 2016,,
,,"We Need To Go Deeper
all-time low: R$ 9,60 at -69%",-50%,"R$ 15,49",84.19%,Aug 2019,,
,,"Adventure Time: Pirates of the Enchiridion
Week Long Deal
2-year low: R$ 14,24",-60%,"R$ 18,99",84.13%,Jul 2018,,
,,"Aliens versus Predator Classic 2000
2-year low: R$ 2,62",-80%,"R$ 3,39",84.08%,Mar 2000,,
,,"L.A. Noire
current 2-year low",-70%,"R$ 29,85",84.05%,Nov 2011,,
,,"Virtual Rides 3 - Funfair Simulator
Week Long Deal
all-time low: R$ 18,39 at -60%",-60%,"R$ 29,59",84.03%,Mar 2017,,
,,"YORG.io
all-time low: R$ 1,30 at -85%",-80%,"R$ 2,75",83.98%,May 2019,,
,,"Tales of Monkey Island: Complete Season
Week Long Deal
2-year low: R$ 5,79",-50%,"R$ 25,00",83.97%,Jul 2009,,
,,"Colt Canyon
all-time low: R$ 5,79 at -80%",-80%,"R$ 9,39",83.88%,Jun 2020,,
,,"Dungeon of the ENDLESS‚Ñ¢
current 2-year low",-80%,"R$ 4,79",83.76%,Oct 2014,,
,,"My Friend Stalin
all-time low: R$ 0,68 at -70%",-50%,"R$ 1,74",83.73%,Jun 2021,,
,,"Ride 2
Week Long Deal
all-time low: R$ 5,79 at -90%",-90%,"R$ 12,45",83.70%,Oct 2016,,
,,"Batman - The Telltale Series
Week Long Deal
all-time low: R$ 7,24 at -75%",-50%,"R$ 25,00",83.66%,Aug 2016,,
,,Murdered: Soul Suspect,-90%,"R$ 5,59",83.62%,Jun 2014,,
,,"Â¶ÑÊÉ≥ÁóáÔºöDeliver Me
all-time low: R$ 1,34 at -70%",-70%,"R$ 2,09",83.57%,Aug 2018,,
,,"üëë Idle Calibur üëëÔºàÈÄâÁéã‰πãÂâëÔºâ
all-time low: R$ 9,45 at -43%",-50%,"R$ 13,24",83.57%,Jan 2022,,
,,"Hyper Knights
Week Long Deal
all-time low: R$ 2,62 at -75%",-75%,"R$ 4,24",83.56%,May 2017,,
,,"The Bible
Week Long Deal",-75%,"R$ 7,24",83.53%,Nov 2022,,
,,"Sable
all-time low: R$ 18,99 at -60%",-65%,"R$ 25,89",83.51%,Sep 2021,,
,,"Nevergrind Online
all-time low: R$ 13,08 at -66%",-50%,"R$ 19,24",83.50%,Jun 2022,,
,,"Caveblazers
all-time low: R$ 1,99 at -90%",-90%,"R$ 3,29",83.47%,May 2017,,
,,Remnant: From the Ashes,-70%,"R$ 22,64",83.45%,Aug 2019,,
,,"Conquest of Elysium 4
all-time low: R$ 9,19 at -80%",-75%,"R$ 18,49",83.44%,Nov 2015,,
,,"Faces of War
2-year low: R$ 2,09",-85%,"R$ 2,54",83.42%,Sep 2006,,
,,"Russian Village Simulator
Week Long Deal
all-time low: R$ 21,19 at -20%",-50%,"R$ 23,49",83.38%,Sep 2023,,
,,Jianghu Survivor,-50%,"R$ 11,75",83.33%,Jun 2023,,
,,"BDSM: Big Drunk Satanic Massacre
Week Long Deal",-88%,"R$ 4,55",83.31%,Oct 2019,,
,,"WazHack
current 2-year low",-69%,"R$ 5,26",83.31%,Feb 2014,,
,,Paper Dolls: Original / Á∫∏‰∫∫,-50%,"R$ 16,49",83.30%,Apr 2019,,
,,"The Dungeon Beneath
all-time low: R$ 9,85 at -66%",-50%,"R$ 23,49",83.24%,Oct 2020,,
,,"Orcs Must Die! 3
all-time low: R$ 19,13 at -67%",-70%,"R$ 26,69",83.22%,Jul 2021,,
,,"Steredenn: Binary Stars
2-year low: R$ 12,59",-60%,"R$ 16,79",83.18%,Oct 2015,,
,,"Stronghold Legends: Steam Edition
Week Long Deal
current 2-year low",-70%,"R$ 8,39",83.12%,Oct 2009,,
,,"Cosmic DJ
2-year low: R$ 2,07",-67%,"R$ 3,46",83.12%,Oct 2014,,
,,"Bully: Scholarship Edition
2-year low: R$ 11,99",-65%,"R$ 13,99",83.11%,Oct 2008,,
,,"–ï–°–¢–¨ –î–í–ê –°–¢–£–õ–ê
all-time low: R$ 0,80 at -65%",-50%,"R$ 1,74",83.10%,Jun 2018,,
,,"NOT A HERO
2-year low: R$ 7,39",-80%,"R$ 11,99",83.06%,Jul 2016,,
,,"Beyond Gravity
current 2-year low",-50%,"R$ 2,14",83.06%,Sep 2014,,
,,"Super Sanctum TD
2-year low: R$ 1,63",-80%,"R$ 3,39",83.04%,May 2013,,
,,"A Robot Named Fight!
all-time low: R$ 2,68 at -90%",-75%,"R$ 6,72",83.02%,Sep 2017,,
,,"–í–ó–õ–û–ú –ñ–û–ü–´
all-time low: R$ 0,80 at -65%",-50%,"R$ 1,74",83.01%,Feb 2020,,
,,"The Little Acre
Week Long Deal
all-time low: R$ 2,59 at -90%",-80%,"R$ 5,19",82.97%,Dec 2016,,
,,"Shadow of the Tomb Raider: Definitive Edition
all-time low: R$ 36,26 at -89%",-89%,"R$ 41,24",82.87%,Sep 2018,‚Äî,
,,"Police Stories
all-time low: R$ 8,99 at -70%",-80%,"R$ 11,99",82.82%,Sep 2019,,
,,"Magicite
all-time low: R$ 4,99 at -75%",-50%,"R$ 10,34",82.81%,Jun 2014,,
,,Prince of Persia¬Æ: The Sands of Time,-80%,"R$ 5,99",82.79%,Dec 2003,,
,,"Plebby Quest: The Crusades
all-time low: R$ 7,59 at -80%",-80%,"R$ 11,99",82.76%,Apr 2020,,
,,Diggles: The Myth of Fenris,-60%,"R$ 8,27",82.76%,Dec 2020,,
,,"Judge Dredd: Dredd vs. Death
2-year low: R$ 3,99",-60%,"R$ 6,39",82.71%,Feb 2005,,
,,"Furry Shades of Gay
all-time low: R$ 4,95 at -60%",-60%,"R$ 9,40",82.69%,Dec 2020,,
,,Deadly Days,-90%,"R$ 2,48",82.67%,Sep 2019,,
,,"South Park‚Ñ¢: The Fractured But Whole‚Ñ¢
current 2-year low",-80%,"R$ 27,99",82.55%,Oct 2017,,
,,"Over 9000 Zombies!
Week Long Deal
all-time low: R$ 1,07 at -75%",-72%,"R$ 1,95",82.54%,Feb 2015,,
,,"My Cute Fuhrer
2-year low: R$ 1,74",-60%,"R$ 2,79",82.50%,Apr 2020,,
,,Just Cause‚Ñ¢ 3,-85%,"R$ 6,44",82.45%,Nov 2015,,
,,"Razortron 2000
all-time low: R$ 0,57 at -90%",-50%,"R$ 1,74",82.43%,Oct 2016,,
,,Sid Meier's Civilization IV: Colonization,-75%,"R$ 7,49",82.42%,Sep 2008,,
,,Despot's Game: Dystopian Battle Simulator,-60%,"R$ 15,19",82.40%,Sep 2022,,
,,"Neversong
all-time low: R$ 8,69 at -70%",-70%,"R$ 14,69",82.37%,May 2020,,
,,"BARRIER X
all-time low: R$ 0,94 at -85%",-70%,"R$ 1,88",82.36%,May 2016,,
,,"Kandidatos Kart
all-time low: R$ 0,62 at -70%",-50%,"R$ 1,74",82.36%,Oct 2020,,
,,"Desktop Kanojo
Week Long Deal
all-time low: R$ 3,56 at -45%",-50%,"R$ 5,24",82.33%,Apr 2020,,
,,"Rebuild 3: Gangs of Deadsville
all-time low: R$ 8,39 at -70%",-60%,"R$ 18,79",82.30%,May 2015,,
,,PHOGS!,-55%,"R$ 21,37",82.25%,Dec 2020,,
,,"Home Behind
all-time low: R$ 2,99 at -75%",-75%,"R$ 5,12",82.22%,Jun 2016,,
,,"Curse of the Dead Gods
all-time low: R$ 22,47 at -70%",-65%,"R$ 26,21",82.18%,Feb 2021,,
,,"Ni no Kuni‚Ñ¢ II: Revenant Kingdom
Week Long Deal
all-time low: R$ 23,98 at -85%",-85%,"R$ 51,36",82.14%,Mar 2018,,
,,"Red Dead Online
current 2-year low",-50%,"R$ 55,99",82.13%,Dec 2020,,
,,"Youropa
current 2-year low",-75%,"R$ 7,24",82.10%,Jun 2018,,
,,"Exit From
2-year low: R$ 4,24",-70%,"R$ 5,09",82.07%,Apr 2021,,
,,"Puzzle Agent 2
Week Long Deal
2-year low: R$ 2,17",-50%,"R$ 9,99",82.02%,Jun 2011,,
,,"SCP Strategy
Week Long Deal",-85%,"R$ 3,52",82.01%,May 2022,,
,,"Hobo: Tough Life
Week Long Deal
all-time low: R$ 23,19 at -60%",-60%,"R$ 35,59",81.92%,Apr 2021,,
,,"Sacred Gold
Week Long Deal
current 2-year low",-75%,"R$ 4,99",81.87%,Aug 2006,,
,,"ENDLESS‚Ñ¢ Space 2
2-year low: R$ 15,99",-75%,"R$ 19,99",81.85%,May 2017,,
,,The Eternal Cylinder,-65%,"R$ 25,89",81.78%,Oct 2022,,
,,Blazing Beaks,-75%,"R$ 7,24",81.76%,May 2019,,
,,Hitman GO: Definitive Edition,-80%,"R$ 3,19",81.69%,Feb 2016,,
,,"Mortal Glory
all-time low: R$ 6,62 at -75%",-50%,"R$ 13,24",81.69%,Jan 2020,,
,,Serious Sam VR: The First Encounter,-90%,"R$ 5,99",81.67%,Mar 2017,,
,,"Tomb Raider IV: The Last Revelation
all-time low: R$ 1,81 at -86%",-86%,"R$ 4,05",81.58%,Nov 2012,,
,,"Star Traders: Frontiers
all-time low: R$ 14,49 at -50%",-50%,"R$ 23,49",81.45%,Aug 2018,,
,,"Faerie Solitaire Remastered
Week Long Deal
current 2-year low",-90%,"R$ 2,89",81.44%,Dec 2017,,
,,12 is Better Than 6,-90%,"R$ 1,99",81.41%,Nov 2015,,
,,Tokyo Dark,-75%,"R$ 8,49",81.37%,Sep 2017,,
,,Runestone Keeper,-80%,"R$ 3,99",81.34%,Mar 2015,,
,,"CASE: Animatronics
Week Long Deal
all-time low: R$ 1,99 at -90%",-85%,"R$ 4,94",81.30%,Aug 2016,,
,,"Legacy of Kain: Defiance
all-time low: R$ 1,81 at -86%",-86%,"R$ 4,05",81.28%,Dec 2003,,
,,Orbital Bullet ‚Äì The 360¬∞ Rogue-lite,-80%,"R$ 6,59",81.28%,Mar 2022,,
,,"The logic of the miniature garden
all-time low: R$ 4,13 at -80%",-80%,"R$ 6,59",81.28%,Jun 2019,,
,,"HALF DEAD 2
Week Long Deal",-50%,"R$ 4,49",81.28%,Aug 2019,,
,,"Transport Fever
all-time low: R$ 11,59 at -80%",-85%,"R$ 13,34",81.27%,Nov 2016,,
,,"DOKA 2 KISHKI EDITION
all-time low: R$ 0,66 at -71%",-50%,"R$ 1,74",81.25%,Nov 2018,,
,,"Will Glow the Wisp
Week Long Deal
2-year low: R$ 0,85",-70%,"R$ 2,09",81.21%,Sep 2017,,
,,"War of the Human Tanks
2-year low: R$ 10,34",-50%,"R$ 16,49",81.17%,Sep 2012,,
,,"Roguebook
Week Long Deal",-70%,"R$ 32,99",81.16%,Jun 2021,,
,,"Battlestar Galactica Deadlock
Week Long Deal
all-time low: R$ 0,00 at -100%",-80%,"R$ 21,59",81.15%,Aug 2017,,
,,"Desktop Dungeons
all-time low: R$ 0,00 at -100%",-50%,"R$ 12,49",81.14%,Apr 2023,,
,,FORWARD: Escape the Fold - Ultimate Edition,-50%,"R$ 10,34",81.11%,Mar 2022,,
,,"MXGP PRO
Week Long Deal
all-time low: R$ 5,49 at -90%",-90%,"R$ 12,45",81.08%,Jun 2018,,
,,"Serious Sam VR: The Last Hope
2-year low: R$ 13,34",-76%,"R$ 70,37",81.02%,Sep 2017,‚Äî,
,,Paper Dolls 2 Á∫∏‰∫∫Ë¥∞,-50%,"R$ 18,99",81.02%,Jul 2020,,
,,Phantom Abyss,-50%,"R$ 29,99",81.01%,Jan 2024,,
,,ADOM (Ancient Domains Of Mystery),-50%,"R$ 13,99",81.01%,Nov 2015,,
,,"Hard Truck Apocalypse / Ex Machina
Week Long Deal
all-time low: R$ 1,43 at -91%",-75%,"R$ 6,62",80.93%,Dec 2005,,
,,Moonlighter,-85%,"R$ 6,15",80.87%,May 2018,,
,,"Men of War: Red Tide
2-year low: R$ 1,69",-85%,"R$ 2,54",80.82%,Nov 2009,,
,,Slasher's Keep,-65%,"R$ 9,76",80.76%,Nov 2020,,
,,"–°–∏–º—É–ª—è—Ç–æ—Ä –°–∏–¥–µ–Ω–∏—è —É –ü–æ–¥—ä–µ–∑–¥–∞
all-time low: R$ 0,80 at -65%",-50%,"R$ 1,74",80.76%,Apr 2019,,
,,"Euro Truck Simulator
2-year low: R$ 2,43",-80%,"R$ 3,21",80.73%,Aug 2008,,
,,Unexplored,-50%,"R$ 9,99",80.73%,Feb 2017,,
,,"Tricolour Lovestory
all-time low: R$ 1,28 at -70%",-70%,"R$ 2,09",80.70%,Sep 2017,,
,,"Quantum Conundrum
all-time low: R$ 1,86 at -89%",-89%,"R$ 3,17",80.66%,Jun 2012,,
,,"Grand Theft Auto IV: The Complete Edition
current 2-year low",-70%,"R$ 23,70",80.62%,Mar 2020,,
,,Asura: Vengeance Edition,-50%,"R$ 9,99",80.61%,Apr 2017,,
,,"Barro Racing
all-time low: R$ 0,57 at -90%",-90%,"R$ 1,74",80.57%,Sep 2020,,
,,"Nexus - The Jupiter Incident
Week Long Deal
all-time low: R$ 1,99 at -90%",-80%,"R$ 3,99",80.54%,Nov 2004,,
,,"Expeditions: Viking
Week Long Deal
all-time low: R$ 11,19 at -80%",-75%,"R$ 13,99",80.52%,Apr 2017,,
,,"Metal Unit
all-time low: R$ 7,24 at -75%",-80%,"R$ 9,39",80.50%,Jan 2021,,
,,Isonzo,-67%,"R$ 29,36",80.46%,Sep 2022,,
,,I got a cat maid,-60%,"R$ 1,79",80.45%,Aug 2019,,
,,"Sword of the Stars: The Pit
2-year low: R$ 3,99",-50%,"R$ 8,49",80.45%,Feb 2013,,
,,"Dreamfall: The Longest Journey
Week Long Deal
2-year low: R$ 13,49",-60%,"R$ 23,99",80.36%,Apr 2006,,
,,Life is Strange Remastered,-50%,"R$ 99,50",80.32%,Feb 2022,,
,,"Flashing Lights - Police, Firefighting, Emergency Services (EMS) Simulator",-66%,"R$ 16,14",80.29%,May 2023,,
,,"Serious Sam 3 VR: BFE
current 2-year low",-85%,"R$ 13,34",80.24%,Nov 2017,,
,,"Full Mojo Rampage
current 2-year low",-50%,"R$ 9,99",80.21%,May 2014,,
,,"Tomb Raider: Anniversary
all-time low: R$ 1,86 at -89%",-89%,"R$ 4,12",80.11%,Jun 2007,,
,,"Soldiers: Heroes of World War II
2-year low: R$ 2,09",-85%,"R$ 2,54",80.09%,Jun 2004,,
,,"Steep‚Ñ¢
all-time low: R$ 8,99 at -90%",-85%,"R$ 13,49",80.07%,Dec 2016,,
,,"Game Dev Studio
all-time low: R$ 5,17 at -75%",-70%,"R$ 9,89",80.02%,Mar 2018,,
,,"They Bleed Pixels
2-year low: R$ 4,24",-75%,"R$ 8,24",80.01%,Aug 2012,,
,,"Warstone TD
all-time low: R$ 4,34 at -85%",-80%,"R$ 5,79",79.98%,May 2018,,
,,"CASE 2: Animatronics Survival
Week Long Deal
all-time low: R$ 3,31 at -80%",-76%,"R$ 7,91",79.84%,Aug 2018,,
,,"Tangledeep
all-time low: R$ 6,99 at -75%",-60%,"R$ 11,19",79.76%,Feb 2018,,
,,"Reigns: Her Majesty
2-year low: R$ 3,24",-67%,"R$ 3,46",79.67%,Dec 2017,,
,,"The Crew‚Ñ¢ 2
all-time low: R$ 14,99 at -90%",-80%,"R$ 35,99",79.66%,Jun 2018,,
,,"Noob - The Factionless
new historical low",-60%,"R$ 31,99",79.60%,Jun 2023,,
,,"Blackout Z: Slaughterhouse Edition
2-year low: R$ 0,62",-50%,"R$ 1,74",79.50%,Oct 2017,,
,,"Dead Age
all-time low: R$ 2,79 at -90%",-90%,"R$ 4,69",79.45%,Jul 2016,,
,,"CPU Invaders
all-time low: R$ 0,66 at -71%",-90%,"R$ 1,74",79.44%,Feb 2017,,
,,"Death's Gambit: Afterlife
2-year low: R$ 22,19",-50%,"R$ 29,99",79.37%,Aug 2018,,
,,"bit Dungeon II
all-time low: R$ 0,83 at -90%",-75%,"R$ 2,09",79.36%,Dec 2014,,
,,"Syder Arcade
Week Long Deal
2-year low: R$ 4,99",-50%,"R$ 9,99",79.24%,Oct 2013,,
,,"Time Warpers
2-year low: R$ 12,91",-50%,"R$ 18,99",79.22%,Jan 2020,,
,,"The Talos Principle VR
2-year low: R$ 17,79",-70%,"R$ 26,69",79.18%,Oct 2017,,
,,"Lust from Beyond
Week Long Deal
new historical low",-58%,"R$ 15,95",79.17%,Mar 2021,,
,,"G.O.P.O.T.A
Week Long Deal",-50%,"R$ 1,74",79.14%,Apr 2023,,
,,"CRYPTARK
all-time low: R$ 0,00 at -100%",-75%,"R$ 6,99",79.08%,Jun 2017,,
,,"Hentai Furry 2
all-time low: R$ 0,85 at -81%",-50%,"R$ 1,74",79.08%,Nov 2020,,
,,"Fantasy General II
Week Long Deal
all-time low: R$ 26,99 at -75%",-70%,"R$ 32,39",79.01%,Sep 2019,,
,,"Braveland
Week Long Deal
all-time low: R$ 1,65 at -90%",-90%,"R$ 3,29",79.00%,Mar 2014,,
,,"AI War: Fleet Command
2-year low: R$ 5,17",-75%,"R$ 8,24",79.00%,Oct 2009,,
,,"Monsters' Den: Godfall
all-time low: R$ 9,51 at -66%",-66%,"R$ 15,97",78.98%,Jul 2017,,
,,"Blade Kitten
Week Long Deal
2-year low: R$ 2,13",-50%,"R$ 3,14",78.98%,Sep 2010,,
,,"Happy Quest
Week Long Deal
all-time low: R$ 1,79 at -60%",-70%,"R$ 2,09",78.91%,Nov 2020,,
,,"OlliOlli2: Welcome to Olliwood
all-time low: R$ 5,59 at -80%",-80%,"R$ 9,39",78.88%,Aug 2015,,
,,"TT Isle of Man: Ride on the Edge 2
Week Long Deal",-75%,"R$ 17,49",78.86%,Mar 2020,,
,,Interstellar Space: Genesis,-67%,"R$ 19,13",78.85%,Jul 2019,,
,,"8-Bit Armies
2-year low: R$ 12,59",-50%,"R$ 23,49",78.82%,Apr 2016,,
,,"ENDLESS‚Ñ¢ Space - Definitive Edition
2-year low: R$ 3,99",-75%,"R$ 4,99",78.60%,Jul 2012,,
,,"Thief: Deadly Shadows
all-time low: R$ 1,86 at -89%",-89%,"R$ 4,12",78.54%,Jun 2004,,
,,"The Textorcist: The Story of Ray Bibbia
all-time low: R$ 2,89 at -90%",-88%,"R$ 5,63",78.52%,Feb 2019,,
,,"Dungeon Siege
all-time low: R$ 1,81 at -86%",-86%,"R$ 3,06",78.44%,Apr 2002,,
,,Evoland Legendary Edition,-75%,"R$ 9,24",78.44%,Feb 2019,,
,,"Gloom
all-time low: R$ 1,99 at -90%",-75%,"R$ 8,24",78.40%,Apr 2017,,
,,"Serious Sam Double D XXL
current 2-year low",-90%,"R$ 3,29",78.35%,Aug 2011,,
,,"Gay World
Week Long Deal
all-time low: R$ 1,14 at -50%",-50%,"R$ 1,74",78.25%,Jan 2018,,
,,"Cargo Commander
all-time low: R$ 1,14 at -75%",-73%,"R$ 4,58",78.19%,Nov 2012,,
,,"Hentai Waifu
all-time low: R$ 0,62 at -71%",-50%,"R$ 1,74",78.18%,Mar 2019,,
,,"Bus Driver
2-year low: R$ 3,19",-80%,"R$ 3,21",78.17%,Mar 2007,,
,,"Signal Simulator
Week Long Deal
all-time low: R$ 9,25 at -75%",-50%,"R$ 18,50",78.17%,Apr 2018,,
,,"DungeonTop
Week Long Deal
new historical low",-53%,"R$ 14,56",78.16%,Jun 2020,,
,,"Broken Armor
all-time low: R$ 0,66 at -71%",-50%,"R$ 1,74",78.16%,Aug 2016,,
,,"Sword Art Online: Fatal Bullet
Week Long Deal",-85%,"R$ 23,98",78.15%,Feb 2018,,
,,"Judgment: Apocalypse Survival Simulation
all-time low: R$ 17,09 at -55%",-60%,"R$ 23,99",78.05%,May 2018,,
,,"Bloody Trapland 2: Curiosity
Week Long Deal
all-time low: R$ 2,06 at -90%",-75%,"R$ 8,24",77.98%,Feb 2019,,
,,"Blueprint Tycoon
Week Long Deal
all-time low: R$ 1,57 at -75%",-75%,"R$ 2,62",77.98%,May 2016,,
,,"Cultist Simulator
all-time low: R$ 11,39 at -70%",-50%,"R$ 18,99",77.85%,May 2018,,
,,"Roguelands
all-time low: R$ 5,17 at -75%",-50%,"R$ 10,34",77.82%,Nov 2015,,
,,"Weedcraft Inc
all-time low: R$ 9,49 at -75%",-75%,"R$ 14,99",77.78%,Apr 2019,,
,,Hero's Hour,-50%,"R$ 17,49",77.76%,Mar 2022,,
,,"Roundguard
all-time low: R$ 9,49 at -75%",-75%,"R$ 14,99",77.73%,Mar 2020,,
,,"Black Reliquary
all-time low: R$ 19,07 at -84%",-79%,"R$ 25,11",77.51%,Mar 2023,‚Äî,
,,"Ship of Fools
all-time low: R$ 30,54 at -35%",-60%,"R$ 45,99",77.49%,Nov 2022,,
,,"Xpand Rally
all-time low: R$ 0,93 at -89%",-89%,"R$ 1,86",77.47%,Aug 2006,,
,,"Windward
all-time low: R$ 4,99 at -75%",-50%,"R$ 10,34",77.45%,May 2015,,
,,Jack Move,-50%,"R$ 18,99",77.44%,Sep 2022,,
,,"Scania Truck Driving Simulator
2-year low: R$ 4,99",-80%,"R$ 6,39",77.40%,Jun 2012,,
,,"Titan Souls
2-year low: R$ 2,49",-90%,"R$ 4,69",77.17%,Apr 2015,,
,,"OmniBus
2-year low: R$ 2,54",-80%,"R$ 3,39",77.17%,May 2016,,
,,"EVERSPACE‚Ñ¢
all-time low: R$ 5,59 at -90%",-85%,"R$ 8,99",77.13%,May 2017,,
,,Banners of Ruin,-70%,"R$ 11,39",77.09%,Jul 2021,,
,,"Weapon Shop Fantasy
2-year low: R$ 6,20",-50%,"R$ 10,34",77.05%,Feb 2017,,
,,"Bridge Constructor Medieval
all-time low: R$ 1,99 at -90%",-90%,"R$ 3,29",76.97%,Sep 2014,,
,,Legend of Keepers: Career of a Dungeon Manager,-80%,"R$ 7,99",76.91%,Apr 2021,,
,,"Oceanhorn: Monster of Uncharted Seas
Week Long Deal
current 2-year low",-50%,"R$ 13,99",76.82%,Mar 2015,,
,,Blair Witch,-80%,"R$ 11,59",76.77%,Aug 2019,,
,,"X4: Foundations
all-time low: R$ 51,99 at -60%",-60%,"R$ 53,99",76.76%,Nov 2018,,
,,"Alwa's Awakening
Week Long Deal
all-time low: R$ 3,99 at -80%",-81%,"R$ 6,26",76.62%,Feb 2017,,
,,"Heart&Slash
2-year low: R$ 4,92",-81%,"R$ 5,50",76.62%,Aug 2016,,
,,"Alex Kidd in Miracle World DX
all-time low: R$ 10,03 at -93%",-71%,"R$ 42,05",76.60%,Jun 2021,‚Äî,
,,"Moon Hunters
all-time low: R$ 2,89 at -90%",-90%,"R$ 4,69",76.45%,Mar 2016,,
,,"Observation
all-time low: R$ 11,87 at -75%",-75%,"R$ 18,49",76.41%,May 2020,,
,,"LEGIONCRAFT
current 2-year low",-50%,"R$ 13,94",76.41%,Aug 2022,,
,,"Daily Wife
all-time low: R$ 1,63 at -92%",-92%,"R$ 2,56",76.33%,Aug 2020,,
,,"Peekaboo
2-year low: R$ 1,79",-80%,"R$ 2,75",76.21%,Aug 2019,,
,,Mech Armada,-75%,"R$ 9,49",76.18%,Jun 2022,,
,,"Crossing Souls
all-time low: R$ 5,59 at -80%",-80%,"R$ 9,39",76.15%,Feb 2018,,
,,Elite Dangerous,-70%,"R$ 17,99",76.07%,Apr 2015,,
,,Weird West: Definitive Edition,-75%,"R$ 24,99",76.05%,Mar 2022,,
,,"Expeditions: Conquistador
Week Long Deal
all-time low: R$ 6,99 at -80%",-75%,"R$ 8,74",76.05%,May 2013,,
,,"Streamer Life Simulator
Week Long Deal
all-time low: R$ 17,09 at -55%",-70%,"R$ 23,26",76.05%,Aug 2020,,
,,"Escape Dungeon
all-time low: R$ 13,44 at -50%",-60%,"R$ 16,79",76.04%,Nov 2020,,
,,Prince of Persia: The Two Thrones‚Ñ¢,-80%,"R$ 5,99",76.02%,Dec 2005,,
,,"Sproggiwood
all-time low: R$ 2,79 at -90%",-60%,"R$ 18,79",76.02%,Oct 2014,,
,,Prince of Persia¬Æ,-80%,"R$ 5,99",75.97%,Dec 2008,,
,,"Anarchy: Wolf's law
all-time low: R$ 7,94 at -85%",-78%,"R$ 11,81",75.95%,Jun 2023,‚Äî,
,,"The Blackout Club
current 2-year low",-50%,"R$ 28,99",75.87%,Jul 2019,,
,,"Dungeon Escape
Week Long Deal
all-time low: R$ 0,76 at -93%",-83%,"R$ 2,34",75.83%,May 2016,,
,,"Incubus
new historical low",-60%,"R$ 14,31",75.77%,Jul 2023,,
,,"DreadOut: Keepers of The Dark
all-time low: R$ 1,39 at -90%",-80%,"R$ 2,79",75.75%,Mar 2016,,
,,"Despotism 3k
all-time low: R$ 0,00 at -100%",-60%,"R$ 6,63",75.74%,Nov 2018,,
,,"–°–∏–º—É–ª—è—Ç–æ—Ä –ü—Ä—ã–≥–∞–Ω–∏—è –ø–æ –ì–∞—Ä–∞–∂–∞–º
all-time low: R$ 0,80 at -65%",-50%,"R$ 1,74",75.70%,Dec 2022,,
,,Livelock,-85%,"R$ 3,10",75.65%,Aug 2016,,
,,"Jalopy
current 2-year low",-75%,"R$ 7,24",75.49%,Mar 2018,,
,,"Nyasha
all-time low: R$ 0,85 at -81%",-50%,"R$ 1,74",75.38%,Mar 2019,,
,,"Drake Hollow
all-time low: R$ 23,19 at -60%",-70%,"R$ 29,99",75.34%,Oct 2020,,
,,"She Sees Red - Interactive Movie
Week Long Deal",-70%,"R$ 5,03",75.20%,Jul 2019,,
,,"Lumencraft
all-time low: R$ 16,67 at -33%",-55%,"R$ 26,99",75.19%,Feb 2023,,
,,"Far Cry¬Æ New Dawn
all-time low: R$ 23,99 at -80%",-85%,"R$ 44,99",75.08%,Feb 2019,,
,,"SKYHILL
all-time low: R$ 2,66 at -90%",-51%,"R$ 22,94",75.07%,Oct 2015,‚Äî,
,,"–°–ò–ú–£–õ–Ø–¢–û–† –û–î–ò–ù–û–ß–ï–°–¢–í–ê –í –†–£–°–°–ö–û–ô –î–ï–†–ï–í–ù–ï
all-time low: R$ 0,89 at -80%",-70%,"R$ 2,09",74.99%,Apr 2021,,
,,"Not The Robots
2-year low: R$ 4,99",-75%,"R$ 8,24",74.96%,Dec 2013,,
,,"Galactic Civilizations III
2-year low: R$ 24,15",-66%,"R$ 36,71",74.93%,May 2015,,
,,"Giana Sisters: Twisted Dreams
Week Long Deal
all-time low: R$ 2,79 at -90%",-80%,"R$ 6,59",74.87%,Oct 2012,,
,,"City of Brass
all-time low: R$ 3,79 at -90%",-90%,"R$ 5,99",74.84%,May 2018,,
,,"OlliOlli
all-time low: R$ 5,19 at -80%",-80%,"R$ 8,39",74.83%,Jul 2014,,
,,"Cartel Tycoon
all-time low: R$ 33,24 at -30%",-73%,"R$ 34,44",74.83%,Jul 2022,,
,,"Moons of Madness
Week Long Deal
all-time low: R$ 14,99 at -70%",-60%,"R$ 29,59",74.83%,Oct 2019,,
,,"Black The Fall
all-time low: R$ 8,39 at -70%",-70%,"R$ 19,47",74.81%,Jul 2017,,
,,"Age of Gladiators
Week Long Deal
all-time low: R$ 1,99 at -90%",-80%,"R$ 3,99",74.80%,Feb 2016,,
,,"David.
Week Long Deal
all-time low: R$ 1,15 at -73%",-70%,"R$ 2,09",74.78%,Mar 2014,,
,,"STORM AREA 51: AYY LMAO EDITION
all-time low: R$ 0,66 at -71%",-50%,"R$ 1,74",74.77%,Sep 2019,,
,,"8Doors: Arum's Afterlife Adventure
all-time low: R$ 7,59 at -80%",-80%,"R$ 11,99",74.76%,Apr 2021,,
,,Fictorum,-75%,"R$ 5,17",74.75%,Aug 2017,,
,,"Dead In Vinland
Week Long Deal
2-year low: R$ 11,49",-80%,"R$ 11,99",74.74%,Apr 2018,,
,,"Tomb Raider: Underworld
all-time low: R$ 1,86 at -89%",-89%,"R$ 4,12",74.70%,Nov 2008,,
,,"Happy Guy
Week Long Deal
all-time low: R$ 2,92 at -55%",-60%,"R$ 4,19",74.67%,Sep 2021,,
,,"Acceleration of SUGURI 2
2-year low: R$ 9,29",-50%,"R$ 14,99",74.63%,Mar 2018,,
,,"Love Rhythm
Week Long Deal
all-time low: R$ 1,12 at -75%",-50%,"R$ 5,24",74.62%,Nov 2019,,
,,"Reigns: Game of Thrones
2-year low: R$ 4,34",-67%,"R$ 4,55",74.57%,Oct 2018,,
,,"Mana Spark
all-time low: R$ 4,97 at -80%",-67%,"R$ 8,21",74.57%,Sep 2018,,
,,"DreadOut
current 2-year low",-80%,"R$ 5,59",74.49%,May 2014,,
,,Arboria,-90%,"R$ 3,79",74.46%,Sep 2021,,
,,"One Dog Story
Week Long Deal",-90%,"R$ 2,48",74.45%,Apr 2017,,
,,"Space Colony: Steam Edition
Week Long Deal
current 2-year low",-75%,"R$ 6,99",74.45%,Apr 2015,,
,,"Nickelodeon Kart Racers 2: Grand Prix
Week Long Deal
new historical low",-85%,"R$ 5,69",74.39%,Dec 2020,,
,,"Darkest Dungeon¬Æ II
all-time low: R$ 59,80 at -67%",-51%,"R$ 89,31",74.35%,May 2023,‚Äî,
,,Metaverse Keeper / ÂÖÉËÉΩÂ§±Êéß,-75%,"R$ 7,24",74.33%,Apr 2019,,
,,"The Flame in the Flood
all-time low: R$ 4,19 at -85%",-85%,"R$ 7,49",74.22%,Feb 2016,,
,,"Arthas - The Game
Week Long Deal
all-time low: R$ 2,54 at -85%",-80%,"R$ 3,39",74.19%,Feb 2023,,
,,"Cockwork Industries Complete
all-time low: R$ 4,99 at -75%",-60%,"R$ 7,99",74.18%,Nov 2019,,
,,"Mind Scanners
Week Long Deal",-65%,"R$ 11,54",74.17%,May 2021,,
,,"Exit the Gungeon
all-time low: R$ 12,41 at -40%",-60%,"R$ 13,19",74.16%,Mar 2020,,
,,"Lifeless Planet Premier Edition
all-time low: R$ 7,39 at -80%",-60%,"R$ 25,59",74.13%,Jun 2014,,
,,"Mind Spheres
all-time low: R$ 0,66 at -71%",-90%,"R$ 1,74",74.07%,Jul 2016,,
,,"Black Desert
all-time low: R$ 0,00 at -100%",-70%,"R$ 5,23",74.07%,May 2017,,
,,Blade Assault,-80%,"R$ 6,99",74.00%,Jan 2022,,
,,"Assassin's Creed Freedom Cry
2-year low: R$ 11,24",-60%,"R$ 17,99",73.98%,Feb 2014,,
,,"Battlestations: Midway
all-time low: R$ 1,81 at -86%",-86%,"R$ 3,06",73.90%,Jan 2007,,
,,Sparklite,-85%,"R$ 7,12",73.87%,Nov 2019,,
,,"Miasmata
Week Long Deal
current 2-year low",-80%,"R$ 4,99",73.81%,Nov 2012,,
,,"Pathway
all-time low: R$ 12,39 at -60%",-60%,"R$ 19,99",73.78%,Apr 2019,,
,,"Dead Age 2: The Zombie Survival RPG
all-time low: R$ 6,99 at -80%",-80%,"R$ 10,99",73.77%,Mar 2021,,
,,"Sacred 2 Gold
Week Long Deal
current 2-year low",-75%,"R$ 6,99",73.60%,Dec 2012,,
,,"Deadly 30
all-time low: R$ 0,84 at -90%",-86%,"R$ 2,37",73.57%,Jan 2014,,
,,"Bridge Constructor
all-time low: R$ 1,69 at -90%",-90%,"R$ 3,29",73.53%,Oct 2013,,
,,"Tumblestone
all-time low: R$ 4,59 at -90%",-81%,"R$ 8,73",73.53%,Jul 2016,,
,,"The Witcher Adventure Game
all-time low: R$ 2,99 at -85%",-85%,"R$ 4,49",73.49%,Nov 2014,,
,,"KumaKuma Manga Editor
all-time low: R$ 2,47 at -80%",-80%,"R$ 4,09",73.46%,Feb 2019,,
,,"Okhlos: Omega
all-time low: R$ 5,19 at -80%",-80%,"R$ 8,39",73.46%,Aug 2016,,
,,"2Dark
Week Long Deal",-90%,"R$ 7,90",73.39%,Mar 2017,,
,,Evil West,-65%,"R$ 62,96",73.36%,Nov 2022,,
,,"One More Dungeon
all-time low: R$ 2,09 at -80%",-70%,"R$ 4,49",73.20%,Nov 2015,,
,,"Thief
all-time low: R$ 8,39 at -85%",-85%,"R$ 12,52",73.10%,Feb 2014,,
,,The Settlers¬Æ : Rise of an Empire - History Edition,-60%,"R$ 14,39",73.06%,Jan 2019,,
,,"Trainz Railroad Simulator 2019
2-year low: R$ 11,32",-83%,"R$ 45,60",73.03%,Jan 2019,‚Äî,
,,"Overture
all-time low: R$ 1,04 at -90%",-80%,"R$ 2,17",73.00%,Jan 2015,,
,,"The Wizards - Enhanced Edition
Week Long Deal
2-year low: R$ 14,24",-66%,"R$ 16,14",72.96%,Mar 2018,,
,,"Shanhe
new historical low",-60%,"R$ 5,79",72.87%,Jul 2023,,
,,"Poop Clicker
all-time low: R$ 0,66 at -71%",-50%,"R$ 1,74",72.85%,Mar 2022,,
,,"Out There: Œ© Edition
2-year low: R$ 4,19",-80%,"R$ 5,59",72.81%,Apr 2015,,
,,"Dungeon Siege II
all-time low: R$ 1,81 at -86%",-86%,"R$ 3,06",72.61%,Aug 2005,,
,,"DreadOut 2
all-time low: R$ 15,19 at -60%",-50%,"R$ 18,99",72.54%,Feb 2020,,
,,"Dungelot: Shattered Lands
2-year low: R$ 4,99",-75%,"R$ 8,24",72.42%,Feb 2016,,
,,"Z
all-time low: R$ 1,39 at -90%",-87%,"R$ 1,81",72.40%,Jul 2014,,
,,"ÊÅ∂È≠îËø∑ÂÆ´ | Evil Maze
Week Long Deal
2-year low: R$ 2,14",-50%,"R$ 3,49",72.39%,Jun 2016,,
,,"Volume
Week Long Deal",-80%,"R$ 7,39",72.29%,Aug 2015,,
,,"Dysfunctional Systems: Learning to Manage Chaos
current 2-year low",-50%,"R$ 5,24",72.25%,Apr 2013,,
,,Asterix & Obelix XXL: Romastered,-85%,"R$ 7,94",72.16%,Oct 2020,,
,,"Quest of Dungeons
2-year low: R$ 3,39",-70%,"R$ 5,09",72.11%,Mar 2014,,
,,"Project: Snowblind
all-time low: R$ 1,64 at -85%",-85%,"R$ 2,98",72.08%,Feb 2005,,
,,"TAPSONIC BOLD
Week Long Deal",-70%,"R$ 11,39",72.03%,Mar 2019,,
,,"Larva Mortus
2-year low: R$ 2,14",-67%,"R$ 3,46",71.94%,Mar 2009,,
,,"Sea Dogs: To Each His Own
Week Long Deal",-80%,"R$ 5,59",71.86%,Feb 2016,,
,,"The Warlock of Firetop Mountain
Week Long Deal
all-time low: R$ 7,39 at -80%",-70%,"R$ 11,09",71.81%,Aug 2016,,
,,"Ash of Gods: Redemption
Week Long Deal
all-time low: R$ 9,49 at -80%",-80%,"R$ 14,79",71.71%,Mar 2018,,
,,"Bionic Dues
2-year low: R$ 5,17",-75%,"R$ 8,24",71.70%,Oct 2013,,
,,"Pixel Heroes: Byte & Magic
all-time low: R$ 1,99 at -90%",-90%,"R$ 3,29",71.61%,Feb 2015,,
,,"Elmarion: Dragon time
2-year low: R$ 11,39",-50%,"R$ 14,49",71.53%,Mar 2020,,
,,"Hell is Others
all-time low: R$ 6,24 at -75%",-50%,"R$ 12,49",71.53%,Oct 2022,,
,,"Office Battle
all-time low: R$ 0,66 at -71%",-50%,"R$ 1,74",71.52%,Dec 2015,,
,,"The Land of Pain
2-year low: R$ 8,71",-75%,"R$ 9,62",71.48%,Sep 2017,,
,,Tunche,-60%,"R$ 15,19",71.45%,Nov 2021,,
,,"Internet Cafe Simulator
Week Long Deal
all-time low: R$ 8,27 at -60%",-65%,"R$ 11,54",71.36%,Oct 2019,,
,,"Block'hood
2-year low: R$ 9,23",-67%,"R$ 15,50",71.04%,May 2017,,
,,Life is Strange: Before the Storm Remastered,-50%,"R$ 99,50",70.99%,Feb 2022,,
,,Victory At Sea,-85%,"R$ 6,89",70.93%,Aug 2014,,
,,"The Search
2-year low: R$ 2,51",-70%,"R$ 4,13",70.93%,Apr 2017,,
,,"The Shore
Week Long Deal
all-time low: R$ 3,73 at -85%",-80%,"R$ 4,97",70.88%,Feb 2021,,
,,As Far As The Eye,-75%,"R$ 11,87",70.81%,Sep 2020,,
,,"Absolver
all-time low: R$ 11,19 at -80%",-80%,"R$ 17,79",70.76%,Aug 2017,,
,,Run Build Pew!,-50%,"R$ 5,24",70.59%,Jun 2022,,
,,God's Trigger,-80%,"R$ 5,79",70.50%,Apr 2019,,
,,"Anachronox
all-time low: R$ 1,81 at -86%",-86%,"R$ 3,06",70.44%,Jun 2001,,
,,"Stronghold Crusader 2
Week Long Deal",-90%,"R$ 7,54",70.36%,Sep 2014,,
,,"Chasm
all-time low: R$ 9,49 at -75%",-70%,"R$ 11,39",70.36%,Jul 2018,,
,,"Tomb Raider V: Chronicles
all-time low: R$ 1,81 at -86%",-86%,"R$ 4,05",70.30%,Nov 2012,,
,,"Nickelodeon All-Star Brawl
Week Long Deal",-90%,"R$ 9,39",70.26%,Oct 2021,,
,,Recipe for Disaster,-72%,"R$ 13,15",70.24%,Aug 2022,,
,,"Crowntakers
all-time low: R$ 3,99 at -80%",-70%,"R$ 9,89",70.21%,Nov 2014,,
,,"200% Mixed Juice!
2-year low: R$ 7,24",-50%,"R$ 11,75",70.16%,Oct 2015,,
,,Big Bia,-50%,"R$ 14,49",70.15%,Jun 2022,,
,,"Dead In Bermuda
Week Long Deal",-80%,"R$ 5,59",70.08%,Aug 2015,,
,,"Blaite
all-time low: R$ 1,09 at -50%",-50%,"R$ 1,74",70.01%,Jan 2017,,
,,"StarsOne
Week Long Deal
2-year low: R$ 4,99",-50%,"R$ 16,49",69.99%,Apr 2016,,
,,"EARTHLOCK
Week Long Deal
all-time low: R$ 9,00 at -90%",-85%,"R$ 13,50",69.93%,Mar 2018,,
,,"Collapse
Week Long Deal
2-year low: R$ 3,69",-75%,"R$ 14,99",69.91%,Sep 2008,,
,,"Truberbrook / Tr√ºberbrook
new historical low",-95%,"R$ 4,44",69.86%,Mar 2019,,
,,"Conflict Desert Storm‚Ñ¢
all-time low: R$ 1,81 at -86%",-86%,"R$ 3,06",69.40%,Sep 2002,,
,,"Tom Clancy‚Äôs The Division‚Ñ¢
current 2-year low",-85%,"R$ 13,49",69.33%,Mar 2016,,
,,"Order of War‚Ñ¢
all-time low: R$ 2,24 at -85%",-85%,"R$ 3,73",69.32%,Sep 2009,,
,,"Rogue's Tale
2-year low: R$ 10,14",-50%,"R$ 11,75",69.32%,Mar 2014,,
,,Black Future '88,-90%,"R$ 5,99",69.18%,Nov 2019,,
,,"TT Isle of Man: Ride on the Edge
Week Long Deal",-80%,"R$ 9,59",69.13%,Mar 2018,,
,,"Silver Chains
new historical low",-95%,"R$ 3,69",68.93%,Aug 2019,,
,,"Gods Will Be Watching
all-time low: R$ 3,39 at -80%",-80%,"R$ 6,59",68.93%,Jul 2014,,
,,"Mirror Maker
all-time low: R$ 1,79 at -60%",-60%,"R$ 2,79",68.93%,Jan 2019,,
,,"INDUSTRIA
all-time low: R$ 15,19 at -60%",-70%,"R$ 17,99",68.89%,Sep 2021,,
,,There Is No Light: Enhanced Edition,-50%,"R$ 29,99",68.85%,Sep 2022,,
,,"TOKYO GHOUL:re [CALL to EXIST]
Week Long Deal",-90%,"R$ 15,99",68.80%,Nov 2019,,
,,"Rogue Lords
Week Long Deal",-70%,"R$ 14,99",68.79%,Sep 2021,,
,,"Hero Siege
2-year low: R$ 1,49",-80%,"R$ 5,29",68.74%,Jan 2014,,
,,Eternal Edge +,-90%,"R$ 2,89",68.71%,May 2022,,
,,"Immortals Fenyx Rising
all-time low: R$ 24,99 at -90%",-85%,"R$ 28,49",68.65%,Dec 2022,,
,,Trek to Yomi,-60%,"R$ 23,99",68.43%,May 2022,,
,,"The Park¬Æ
Week Long Deal
all-time low: R$ 8,99 at -70%",-60%,"R$ 16,79",68.43%,Oct 2015,,
,,Feudal Alloy,-90%,"R$ 3,29",68.42%,Jan 2019,,
,,"Assassin's Creed Valhalla
new historical low",-80%,"R$ 39,99",68.28%,Dec 2022,,
,,"March of the Living
2-year low: R$ 9,85",-50%,"R$ 14,49",68.23%,Apr 2016,,
,,"Warbanners
Week Long Deal
all-time low: R$ 7,59 at -80%",-70%,"R$ 11,39",68.15%,Oct 2017,,
,,Children of Zodiarcs,-70%,"R$ 8,39",67.95%,Jul 2017,,
,,"MX vs ATV Legends
Week Long Deal
all-time low: R$ 30,00 at -60%",-50%,"R$ 37,50",67.95%,Jun 2022,,
,,"Particula
2-year low: R$ 0,67",-90%,"R$ 1,74",67.91%,Feb 2015,,
,,"BELOW
all-time low: R$ 7,12 at -85%",-75%,"R$ 11,87",67.83%,Dec 2018,,
,,"Distant Worlds 2
all-time low: R$ 65,79 at -30%",-50%,"R$ 67,49",67.83%,Mar 2022,,
,,"RONIN
all-time low: R$ 5,19 at -80%",-80%,"R$ 8,39",67.77%,Jun 2015,,
,,"Tinkertown
new historical low",-75%,"R$ 13,12",67.77%,Jun 2023,,
,,"Toilet Simulator 2020
all-time low: R$ 0,80 at -65%",-50%,"R$ 1,74",67.48%,Jan 2019,,
,,Toby: The Secret Mine,-90%,"R$ 1,99",67.44%,Oct 2015,,
,,"Men of War: Condemned Heroes
all-time low: R$ 3,19 at -80%",-85%,"R$ 3,97",67.38%,Apr 2012,,
,,"Killing Room
all-time low: R$ 5,99 at -70%",-60%,"R$ 18,79",67.29%,Oct 2016,,
,,"Nigate Tale
new historical low",-61%,"R$ 14,81",67.16%,Apr 2021,,
,,"3089 -- Futuristic Action RPG
all-time low: R$ 3,49 at -75%",-75%,"R$ 5,87",67.15%,Jan 2014,,
,,Trigon: Space Story,-70%,"R$ 11,39",67.12%,Apr 2022,,
,,"Guns n Zombies
Week Long Deal
all-time low: R$ 1,59 at -90%",-89%,"R$ 2,91",66.97%,Oct 2014,,
,,"Ninja Stealth
all-time low: R$ 0,00 at -100%",-90%,"R$ 1,74",66.94%,Jun 2016,,
,,"STAY
Week Long Deal",-90%,"R$ 2,48",66.91%,May 2018,,
,,"Ludus
Week Long Deal
all-time low: R$ 8,27 at -60%",-65%,"R$ 11,54",66.83%,Feb 2020,,
,,"Rogue Stormers
all-time low: R$ 3,69 at -90%",-80%,"R$ 7,39",66.63%,Sep 2016,,
,,"Sacred Citadel
Week Long Deal
current 2-year low",-75%,"R$ 4,99",66.58%,Apr 2013,,
,,"HUMANKIND‚Ñ¢
all-time low: R$ 31,80 at -80%",-75%,"R$ 39,75",66.56%,Aug 2021,,
,,"Conan Unconquered
Week Long Deal
all-time low: R$ 13,94 at -70%",-60%,"R$ 23,99",66.55%,May 2019,,
,,"Lust for Darkness
Week Long Deal",-90%,"R$ 2,79",66.52%,Jun 2018,,
,,"Townsmen - A Kingdom Rebuilt
Week Long Deal
2-year low: R$ 8,24",-80%,"R$ 10,99",66.52%,Feb 2019,,
,,Road 96: Mile 0,-70%,"R$ 19,50",66.49%,Apr 2023,,
,,"Blood Omen 2: Legacy of Kain
all-time low: R$ 1,81 at -86%",-86%,"R$ 4,05",66.23%,Mar 2002,,
,,"Crypto Mining Simulator
Week Long Deal
all-time low: R$ 1,69 at -90%",-70%,"R$ 5,09",66.10%,Apr 2021,,
,,"Trucks & Trailers
2-year low: R$ 2,43",-80%,"R$ 3,21",66.04%,Jun 2011,,
,,"LARA CROFT AND THE TEMPLE OF OSIRIS‚Ñ¢
2-year low: R$ 5,54",-85%,"R$ 12,52",66.01%,Dec 2014,,
,,"Shattered Planet
all-time low: R$ 2,79 at -90%",-90%,"R$ 4,69",65.73%,Jul 2014,,
,,OUTRIDERS,-50%,"R$ 45,45",65.58%,Apr 2021,,
,,"We Are The Dwarves
all-time low: R$ 1,87 at -99%",-95%,"R$ 17,26",65.50%,Feb 2016,‚Äî,
,,"Zengeon
new historical low",-76%,"R$ 9,11",65.24%,Jun 2019,,
,,"Infectonator: Survivors
all-time low: R$ 1,99 at -90%",-90%,"R$ 3,29",65.17%,Aug 2016,,
,,ENDLESS‚Ñ¢ Dungeon,-50%,"R$ 79,95",65.17%,Oct 2023,,
,,"Just Cause
all-time low: R$ 1,81 at -86%",-86%,"R$ 3,06",65.05%,Sep 2006,,
,,"Anima: Gate of Memories
all-time low: R$ 4,31 at -95%",-84%,"R$ 13,29",64.92%,Jun 2016,‚Äî,
,,"Pixel Piracy
current 2-year low",-80%,"R$ 9,39",64.66%,Apr 2015,,
,,"Omikron: The Nomad Soul
all-time low: R$ 2,54 at -85%",-86%,"R$ 4,88",64.55%,Nov 1999,,
,,"Survivor Squad
2-year low: R$ 1,13",-80%,"R$ 2,09",64.16%,Nov 2013,,
,,"Might and Magic: Heroes VII ‚Äì Trial by Fire
current 2-year low",-75%,"R$ 22,49",64.13%,Aug 2016,,
,,"Mysteria ~Occult Shadows~
all-time low: R$ 8,06 at -70%",-80%,"R$ 8,39",64.10%,Sep 2020,,
,,"Stronghold: Warlords
Week Long Deal",-90%,"R$ 7,99",64.03%,Mar 2021,,
,,Cardaclysm,-90%,"R$ 4,69",63.97%,Feb 2021,,
,,"Legacy of Kain: Soul Reaver 2
all-time low: R$ 1,81 at -86%",-86%,"R$ 4,05",63.96%,Nov 2001,,
,,"V-Rally 4
Week Long Deal",-90%,"R$ 6,99",63.81%,Sep 2018,,
,,"Gift Girl
all-time low: R$ 1,79 at -60%",-60%,"R$ 2,79",63.28%,Mar 2020,,
,,"Weird Worlds: Return to Infinite Space
all-time low: R$ 2,09 at -80%",-80%,"R$ 2,17",63.04%,Mar 2013,,
,,"Men of War: Vietnam
all-time low: R$ 3,19 at -80%",-85%,"R$ 3,97",63.03%,Sep 2011,,
,,"Train Fever
all-time low: R$ 3,69 at -90%",-90%,"R$ 5,99",62.97%,Sep 2014,,
,,"Blightbound
all-time low: R$ 18,99 at -50%",-60%,"R$ 23,99",62.93%,Jul 2021,,
,,"Darksburg
all-time low: R$ 5,79 at -80%",-75%,"R$ 7,24",62.90%,Sep 2020,,
,,"Monster Energy Supercross - The Official Videogame 4
Week Long Deal
all-time low: R$ 17,59 at -80%",-85%,"R$ 22,42",62.72%,Mar 2021,,
,,"Project AURA
all-time low: R$ 5,79 at -80%",-75%,"R$ 7,24",62.26%,Apr 2018,,
,,"The Swindle
current 2-year low",-85%,"R$ 4,19",61.84%,Jul 2015,,
,,"The Swords of Ditto: Mormo's Curse
current 2-year low",-80%,"R$ 9,39",61.51%,Apr 2018,,
,,Abyss Odyssey,-80%,"R$ 5,59",61.45%,Jul 2014,,
,,HERO DEFENSE,-95%,"R$ 4,44",61.42%,May 2016,,
,,"Shoppe Keep
current 2-year low",-66%,"R$ 3,70",61.04%,May 2016,,
,,Just Cause 4 Reloaded,-95%,"R$ 14,93",60.95%,Dec 2018,‚Äî,
,,"Brewpub Simulator
Week Long Deal
new historical low",-54%,"R$ 34,93",60.77%,Jul 2023,,
,,"Dungeon Hearts
2-year low: R$ 1,64",-67%,"R$ 3,46",60.75%,Mar 2013,,
,,"Depraved
new historical low",-90%,"R$ 3,79",60.62%,Sep 2019,,
,,"Monsti
all-time low: R$ 0,85 at -81%",-50%,"R$ 1,74",60.39%,Sep 2016,,
,,"SWORD ART ONLINE Alicization Lycoris
Week Long Deal
all-time low: R$ 25,58 at -84%",-81%,"R$ 56,98",60.32%,Jul 2020,,
,,Mirror Party,-70%,"R$ 2,09",60.15%,Dec 2021,,
,,"Overcast - Walden and the Werewolf
2-year low: R$ 0,67",-90%,"R$ 1,74",60.11%,Apr 2014,,
